-- phpMyAdmin SQL Dump
-- version 3.4.10.1
-- http://www.phpmyadmin.net
--
-- Host: localhost
-- Generation Time: Apr 24, 2014 at 05:02 AM
-- Server version: 5.5.20
-- PHP Version: 5.3.10

SET SQL_MODE="NO_AUTO_VALUE_ON_ZERO";
SET time_zone = "+00:00";


/*!40101 SET @OLD_CHARACTER_SET_CLIENT=@@CHARACTER_SET_CLIENT */;
/*!40101 SET @OLD_CHARACTER_SET_RESULTS=@@CHARACTER_SET_RESULTS */;
/*!40101 SET @OLD_COLLATION_CONNECTION=@@COLLATION_CONNECTION */;
/*!40101 SET NAMES utf8 */;

--
-- Database: `temple_soft`
--

-- --------------------------------------------------------

--
-- Table structure for table `account_master`
--

CREATE TABLE IF NOT EXISTS `account_master` (
  `account_id` int(11) NOT NULL AUTO_INCREMENT,
  `voucher_number` varchar(11) NOT NULL,
  `voucher_type_id` int(11) NOT NULL,
  `fy_id` int(11) NOT NULL,
  `reference_number` varchar(125) NOT NULL,
  `account_from` int(11) NOT NULL,
  `account_to` int(11) NOT NULL,
  `account_debit` double(25,2) NOT NULL,
  `account_credit` double(25,2) NOT NULL,
  `date` date NOT NULL,
  `narration` text NOT NULL,
  `ref_ledger` int(11) NOT NULL,
  `deleted` tinyint(4) NOT NULL DEFAULT '1' COMMENT '2 for deleted,1 not deleted',
  PRIMARY KEY (`account_id`)
) ENGINE=InnoDB  DEFAULT CHARSET=utf8 AUTO_INCREMENT=826 ;

--
-- Dumping data for table `account_master`
--

INSERT INTO `account_master` (`account_id`, `voucher_number`, `voucher_type_id`, `fy_id`, `reference_number`, `account_from`, `account_to`, `account_debit`, `account_credit`, `date`, `narration`, `ref_ledger`, `deleted`) VALUES
(5, '0001', 8, 1, '', 3, 2, 130521.00, 0.00, '2014-03-22', '', 3, 1),
(6, '0001', 8, 1, '', 3, 2, 0.00, 130521.00, '2014-03-22', '', 2, 1),
(7, '0001', 9, 1, '', 1, 3, 162204.00, 0.00, '2014-03-22', '', 1, 1),
(8, '0001', 9, 1, '', 1, 3, 0.00, 162204.00, '2014-03-22', '', 3, 1),
(9, '0002', 8, 1, '', 3, 4, 21385.00, 0.00, '2014-03-22', '', 3, 1),
(10, '0002', 8, 1, '', 3, 4, 0.00, 21385.00, '2014-03-22', '', 4, 1),
(11, '0003', 8, 1, '', 3, 5, 11635.00, 0.00, '2014-03-22', '', 3, 1),
(12, '0003', 8, 1, '', 3, 5, 0.00, 11635.00, '2014-03-22', '', 5, 1),
(13, '0004', 8, 1, '', 3, 6, 19785.00, 0.00, '2014-03-22', '', 3, 1),
(14, '0004', 8, 1, '', 3, 6, 0.00, 19785.00, '2014-03-22', '', 6, 1),
(15, '0005', 8, 1, '', 3, 7, 20925.00, 0.00, '2014-03-22', '', 3, 1),
(16, '0005', 8, 1, '', 3, 7, 0.00, 20925.00, '2014-03-22', '', 7, 1),
(17, '0006', 8, 1, '', 3, 8, 2325.00, 0.00, '2014-03-22', '', 3, 1),
(18, '0006', 8, 1, '', 3, 8, 0.00, 2325.00, '2014-03-22', '', 8, 1),
(19, '0007', 8, 1, '', 3, 9, 3160.00, 0.00, '2014-03-22', '', 3, 1),
(20, '0007', 8, 1, '', 3, 9, 0.00, 3160.00, '2014-03-22', '', 9, 1),
(21, '0008', 8, 1, '', 3, 10, 5100.00, 0.00, '2014-03-22', '', 3, 1),
(22, '0008', 8, 1, '', 3, 10, 0.00, 5100.00, '2014-03-22', '', 10, 1),
(23, '0009', 8, 1, '', 3, 11, 3200.00, 0.00, '2014-03-22', '', 3, 1),
(24, '0009', 8, 1, '', 3, 11, 0.00, 3200.00, '2014-03-22', '', 11, 1),
(25, '0010', 8, 1, '', 3, 12, 15375.00, 0.00, '2014-03-22', '', 3, 2),
(26, '0010', 8, 1, '', 3, 12, 0.00, 15375.00, '2014-03-22', '', 12, 2),
(27, '0011', 8, 1, '', 3, 13, 555.00, 0.00, '2014-03-22', '', 3, 1),
(28, '0011', 8, 1, '', 3, 13, 0.00, 555.00, '2014-03-22', '', 13, 1),
(29, '0012', 8, 1, '', 3, 14, 400.00, 0.00, '2014-03-22', '', 3, 1),
(30, '0012', 8, 1, '', 3, 14, 0.00, 400.00, '2014-03-22', '', 14, 1),
(31, '0013', 8, 1, '', 3, 15, 435.00, 0.00, '2014-03-22', '', 3, 1),
(32, '0013', 8, 1, '', 3, 15, 0.00, 435.00, '2014-03-22', '', 15, 1),
(33, '0014', 8, 1, '', 3, 16, 325.00, 0.00, '2014-03-22', '', 3, 1),
(34, '0014', 8, 1, '', 3, 16, 0.00, 325.00, '2014-03-22', '', 16, 1),
(35, '0015', 8, 1, '', 3, 17, 518.00, 0.00, '2014-03-22', '', 3, 1),
(36, '0015', 8, 1, '', 3, 17, 0.00, 518.00, '2014-03-22', '', 17, 1),
(37, '0016', 8, 1, '', 3, 18, 5550.00, 0.00, '2014-03-22', '', 3, 1),
(38, '0016', 8, 1, '', 3, 18, 0.00, 5550.00, '2014-03-22', '', 18, 1),
(39, '0017', 8, 1, '', 3, 19, 1004.00, 0.00, '2014-03-22', '', 3, 1),
(40, '0017', 8, 1, '', 3, 19, 0.00, 1004.00, '2014-03-22', '', 19, 1),
(41, '0018', 8, 1, '', 3, 20, 1160.00, 0.00, '2014-03-22', '', 3, 1),
(42, '0018', 8, 1, '', 3, 20, 0.00, 1160.00, '2014-03-22', '', 20, 1),
(43, '0019', 8, 1, '', 3, 21, 22500.00, 0.00, '2014-03-22', '', 3, 1),
(44, '0019', 8, 1, '', 3, 21, 0.00, 22500.00, '2014-03-22', '', 21, 1),
(45, '0020', 8, 1, '', 3, 22, 150.00, 0.00, '2014-03-22', '', 3, 1),
(46, '0020', 8, 1, '', 3, 22, 0.00, 150.00, '2014-03-22', '', 22, 1),
(47, '0021', 8, 1, '', 3, 23, 1900.00, 0.00, '2014-03-22', '', 3, 1),
(48, '0021', 8, 1, '', 3, 23, 0.00, 1900.00, '2014-03-22', '', 23, 1),
(49, '0022', 8, 1, '', 3, 24, 18600.00, 0.00, '2014-03-22', '', 3, 1),
(50, '0022', 8, 1, '', 3, 24, 0.00, 18600.00, '2014-03-22', '', 24, 1),
(51, '0023', 8, 1, '', 3, 25, 1900.00, 0.00, '2014-03-22', '', 3, 1),
(52, '0023', 8, 1, '', 3, 25, 0.00, 1900.00, '2014-03-22', '', 25, 1),
(53, '0024', 8, 1, '', 3, 26, 6360.00, 0.00, '2014-03-22', '', 3, 1),
(54, '0024', 8, 1, '', 3, 26, 0.00, 6360.00, '2014-03-22', '', 26, 1),
(55, '0025', 8, 1, '', 3, 27, 455.00, 0.00, '2014-03-22', '', 3, 1),
(56, '0025', 8, 1, '', 3, 27, 0.00, 455.00, '2014-03-22', '', 27, 1),
(57, '0026', 8, 1, '', 3, 28, 1000.00, 0.00, '2014-03-22', '', 3, 1),
(58, '0026', 8, 1, '', 3, 28, 0.00, 1000.00, '2014-03-22', '', 28, 1),
(59, '0001', 10, 1, '', 29, 3, 296223.00, 0.00, '2014-03-22', '', 29, 1),
(60, '0001', 10, 1, '', 29, 3, 0.00, 296223.00, '2014-03-22', '', 3, 1),
(63, '0002', 9, 1, '', 32, 3, 5000.00, 0.00, '2014-03-24', 'Salary for the month of March 2014', 32, 1),
(64, '0002', 9, 1, '', 32, 3, 0.00, 5000.00, '2014-03-24', 'Salary for the month of March 2014', 3, 1),
(73, '0003', 9, 1, '', 38, 3, 4000.00, 0.00, '2014-03-24', 'Salary', 38, 1),
(74, '0003', 9, 1, '', 38, 3, 0.00, 4000.00, '2014-03-24', 'Salary', 3, 1),
(75, '', -1, 1, '', 40, 0, 0.00, 1000.00, '2014-03-24', '', 40, 1),
(76, '', -1, 1, '', 41, 0, 0.00, 1000.00, '2014-03-24', '', 41, 1),
(77, '', 0, 1, '', 42, 0, 0.00, 1000.00, '2014-03-24', '', 42, 1),
(78, '', -1, 1, '', 0, 43, 0.00, 1000.00, '2014-03-24', '', 43, 1),
(79, '', -1, 1, '', 44, 0, 1000.00, 0.00, '2014-03-24', '', 44, 1),
(80, '', -1, 1, '', 0, 45, 0.00, 1000.00, '1970-01-01', '', 45, 1),
(81, '', -1, 1, '', 46, 0, 1000.00, 0.00, '2013-04-01', '', 46, 1),
(82, '0001', 14, 1, '', 3, 62, 10000.00, 0.00, '2014-03-25', '', 3, 1),
(83, '0001', 14, 1, '', 3, 62, 0.00, 10000.00, '2014-03-25', '', 62, 1),
(84, '0001', 13, 1, '', 3, 61, 1000.00, 0.00, '2014-03-25', '', 3, 1),
(85, '0001', 13, 1, '', 3, 61, 0.00, 1000.00, '2014-03-25', '', 61, 1),
(86, '0002', 13, 1, '', 3, 61, 1050.00, 0.00, '2014-03-25', '', 3, 1),
(87, '0002', 13, 1, '', 3, 61, 0.00, 1050.00, '2014-03-25', '', 61, 1),
(88, '0002', 14, 1, '', 3, 62, 10500.00, 0.00, '2014-03-25', '', 3, 1),
(89, '0002', 14, 1, '', 3, 62, 0.00, 10500.00, '2014-03-25', '', 62, 1),
(90, '0003', 13, 1, '', 3, 61, 1500.00, 0.00, '2014-03-25', '', 3, 1),
(91, '0003', 13, 1, '', 3, 61, 0.00, 1500.00, '2014-03-25', '', 61, 1),
(113, '0001', 1, 1, '', 3, 37, 400.00, 0.00, '2014-03-27', '', 3, 1),
(114, '0001', 1, 1, '', 3, 37, 0.00, 400.00, '2014-03-27', '', 37, 1),
(115, '0002', 1, 1, '', 3, 36, 5.00, 0.00, '2014-03-27', '', 3, 1),
(116, '0002', 1, 1, '', 3, 36, 0.00, 5.00, '2014-03-27', '', 36, 1),
(117, '0027', 8, 1, '', 3, 31, 1000.00, 0.00, '2014-03-27', 'Salary for the month of March', 3, 1),
(118, '0027', 8, 1, '', 3, 31, 0.00, 1000.00, '2014-03-27', 'Salary for the month of March', 31, 1),
(119, '0003', 1, 1, '', 3, 69, 234.00, 0.00, '2014-03-27', '', 3, 1),
(120, '0003', 1, 1, '', 3, 69, 0.00, 234.00, '2014-03-27', '', 69, 1),
(121, '0028', 8, 1, '', 3, 38, 555.00, 0.00, '2014-03-27', '', 3, 1),
(122, '0028', 8, 1, '', 3, 38, 0.00, 555.00, '2014-03-27', '', 38, 1),
(123, '0029', 8, 1, '', 3, 41, 111.00, 0.00, '2014-03-27', '', 3, 1),
(124, '0029', 8, 1, '', 3, 41, 0.00, 111.00, '2014-03-27', '', 41, 1),
(125, '0004', 9, 1, '', 42, 3, 3000.00, 0.00, '2014-03-27', '', 42, 1),
(126, '0004', 9, 1, '', 42, 3, 0.00, 3000.00, '2014-03-27', '', 3, 1),
(127, '0004', 1, 1, '', 3, 37, 200.00, 0.00, '2014-03-27', '', 3, 1),
(128, '0004', 1, 1, '', 3, 37, 0.00, 200.00, '2014-03-27', '', 37, 1),
(129, '0030', 8, 1, '', 3, 38, 5000.00, 0.00, '2014-03-27', 'Salary', 3, 1),
(130, '0030', 8, 1, '', 3, 38, 0.00, 5000.00, '2014-03-27', 'Salary', 38, 1),
(131, '0003', 14, 1, '', 3, 62, 100.00, 0.00, '2014-03-27', '', 3, 1),
(132, '0003', 14, 1, '', 3, 62, 0.00, 100.00, '2014-03-27', '', 62, 1),
(133, '0004', 13, 1, '', 3, 61, 1145.00, 0.00, '2014-03-27', '', 3, 1),
(134, '0004', 13, 1, '', 3, 61, 0.00, 1145.00, '2014-03-27', '', 61, 1),
(135, '0031', 8, 1, '', 3, 45, 1000.00, 0.00, '2014-03-27', '', 3, 1),
(136, '0031', 8, 1, '', 3, 45, 0.00, 1000.00, '2014-03-27', '', 45, 1),
(137, '0032', 8, 1, '', 3, 41, 50.00, 0.00, '2014-03-27', 'sdf', 3, 1),
(138, '0032', 8, 1, '', 3, 41, 0.00, 50.00, '2014-03-27', 'sdf', 41, 1),
(139, '0005', 1, 1, '', 3, 37, 200.00, 0.00, '2014-03-28', '', 3, 1),
(140, '0005', 1, 1, '', 3, 37, 0.00, 200.00, '2014-03-28', '', 37, 1),
(141, '0033', 8, 1, '', 3, 42, 150.00, 0.00, '2014-03-28', '', 3, 1),
(142, '0033', 8, 1, '', 3, 42, 0.00, 150.00, '2014-03-28', '', 42, 1),
(143, '0006', 1, 1, '', 3, 37, 800.00, 0.00, '2014-03-28', '', 3, 1),
(144, '0006', 1, 1, '', 3, 37, 0.00, 800.00, '2014-03-28', '', 37, 1),
(145, '0007', 1, 1, '', 3, 36, 20.00, 0.00, '2014-03-28', '', 3, 1),
(146, '0007', 1, 1, '', 3, 36, 0.00, 20.00, '2014-03-28', '', 36, 1),
(147, '0008', 1, 1, '', 3, 37, 400.00, 0.00, '2014-03-28', '', 3, 1),
(148, '0008', 1, 1, '', 3, 37, 0.00, 400.00, '2014-03-28', '', 37, 1),
(149, '0009', 1, 1, '', 3, 36, 20.00, 0.00, '2014-03-28', '', 3, 1),
(150, '0009', 1, 1, '', 3, 36, 0.00, 20.00, '2014-03-28', '', 36, 1),
(151, '0010', 1, 1, '', 3, 36, 5.00, 0.00, '2014-03-29', '', 3, 1),
(152, '0010', 1, 1, '', 3, 36, 0.00, 5.00, '2014-03-29', '', 36, 1),
(153, '0011', 1, 1, '', 3, 36, 5.00, 0.00, '2014-03-29', '', 3, 1),
(154, '0011', 1, 1, '', 3, 36, 0.00, 5.00, '2014-03-29', '', 36, 1),
(155, '0012', 1, 1, '', 3, 36, 5.00, 0.00, '2014-03-29', '', 3, 1),
(156, '0012', 1, 1, '', 3, 36, 0.00, 5.00, '2014-03-29', '', 36, 1),
(157, '0013', 1, 1, '', 3, 36, 5.00, 0.00, '2014-03-29', '', 3, 1),
(158, '0013', 1, 1, '', 3, 36, 0.00, 5.00, '2014-03-29', '', 36, 1),
(159, '0014', 1, 1, '', 3, 36, 5.00, 0.00, '2014-03-29', '', 3, 1),
(160, '0014', 1, 1, '', 3, 36, 0.00, 5.00, '2014-03-29', '', 36, 1),
(161, '0015', 1, 1, '', 3, 36, 5.00, 0.00, '2014-03-29', '', 3, 1),
(162, '0015', 1, 1, '', 3, 36, 0.00, 5.00, '2014-03-29', '', 36, 1),
(163, '0016', 1, 1, '', 3, 36, 5.00, 0.00, '2014-03-29', '', 3, 1),
(164, '0016', 1, 1, '', 3, 36, 0.00, 5.00, '2014-03-29', '', 36, 1),
(165, '0017', 1, 1, '', 3, 37, 200.00, 0.00, '2014-03-29', '', 3, 1),
(166, '0017', 1, 1, '', 3, 37, 0.00, 200.00, '2014-03-29', '', 37, 1),
(167, '0018', 1, 1, '', 3, 36, 5.00, 0.00, '2014-03-29', '', 3, 1),
(168, '0018', 1, 1, '', 3, 36, 0.00, 5.00, '2014-03-29', '', 36, 1),
(169, '0019', 1, 1, '', 3, 37, 400.00, 0.00, '2014-03-31', '', 3, 1),
(170, '0019', 1, 1, '', 3, 37, 0.00, 400.00, '2014-03-31', '', 37, 1),
(171, '0020', 1, 1, '', 3, 36, 20.00, 0.00, '2014-03-31', '', 3, 1),
(172, '0020', 1, 1, '', 3, 36, 0.00, 20.00, '2014-03-31', '', 36, 1),
(173, '0021', 1, 1, '', 3, 37, 200.00, 0.00, '2014-03-31', '', 3, 1),
(174, '0021', 1, 1, '', 3, 37, 0.00, 200.00, '2014-03-31', '', 37, 1),
(175, '0022', 1, 1, '', 3, 37, 200.00, 0.00, '2014-03-31', '', 3, 1),
(176, '0022', 1, 1, '', 3, 37, 0.00, 200.00, '2014-03-31', '', 37, 1),
(177, '0023', 1, 1, '', 3, 36, 5.00, 0.00, '2014-03-31', '', 3, 1),
(178, '0023', 1, 1, '', 3, 36, 0.00, 5.00, '2014-03-31', '', 36, 1),
(179, '0024', 1, 1, '', 3, 37, 200.00, 0.00, '2014-03-31', '', 3, 1),
(180, '0024', 1, 1, '', 3, 37, 0.00, 200.00, '2014-03-31', '', 37, 1),
(181, '0025', 1, 1, '', 3, 37, 200.00, 0.00, '2014-03-31', '', 3, 1),
(182, '0025', 1, 1, '', 3, 37, 0.00, 200.00, '2014-03-31', '', 37, 1),
(183, '0026', 1, 1, '', 3, 37, 200.00, 0.00, '2014-03-31', '', 3, 1),
(184, '0026', 1, 1, '', 3, 37, 0.00, 200.00, '2014-03-31', '', 37, 1),
(185, '0027', 1, 1, '', 3, 37, 200.00, 0.00, '2014-03-31', '', 3, 1),
(186, '0027', 1, 1, '', 3, 37, 0.00, 200.00, '2014-03-31', '', 37, 1),
(187, '0028', 1, 1, '', 3, 37, 200.00, 0.00, '2014-03-31', '', 3, 1),
(188, '0028', 1, 1, '', 3, 37, 0.00, 200.00, '2014-03-31', '', 37, 1),
(189, '0029', 1, 1, '', 3, 69, 234.00, 0.00, '2014-03-31', '', 3, 1),
(190, '0029', 1, 1, '', 3, 69, 0.00, 234.00, '2014-03-31', '', 69, 1),
(191, '0030', 1, 1, '', 3, 36, 5.00, 0.00, '2014-03-31', '', 3, 1),
(192, '0030', 1, 1, '', 3, 36, 0.00, 5.00, '2014-03-31', '', 36, 1),
(193, '0031', 1, 1, '', 3, 37, 200.00, 0.00, '2014-03-31', '', 3, 1),
(194, '0031', 1, 1, '', 3, 37, 0.00, 200.00, '2014-03-31', '', 37, 1),
(195, '0032', 1, 1, '', 3, 37, 200.00, 0.00, '2014-03-31', '', 3, 1),
(196, '0032', 1, 1, '', 3, 37, 0.00, 200.00, '2014-03-31', '', 37, 1),
(197, '0033', 1, 1, '', 3, 36, 5.00, 0.00, '2014-03-31', '', 3, 1),
(198, '0033', 1, 1, '', 3, 36, 0.00, 5.00, '2014-03-31', '', 36, 1),
(199, '0005', 13, 1, '', 3, 61, 113.50, 0.00, '2014-03-31', '', 3, 1),
(200, '0005', 13, 1, '', 3, 61, 0.00, 113.50, '2014-03-31', '', 61, 1),
(201, '0006', 13, 1, '', 3, 61, 113.50, 0.00, '2014-03-31', '', 3, 1),
(202, '0006', 13, 1, '', 3, 61, 0.00, 113.50, '2014-03-31', '', 61, 1),
(203, '0007', 13, 1, '', 3, 61, 10.00, 0.00, '2014-03-31', '', 3, 1),
(204, '0007', 13, 1, '', 3, 61, 0.00, 10.00, '2014-03-31', '', 61, 1),
(205, '0008', 13, 1, '', 3, 61, 15.00, 0.00, '2014-03-31', '', 3, 1),
(206, '0008', 13, 1, '', 3, 61, 0.00, 15.00, '2014-03-31', '', 61, 1),
(207, '0009', 13, 1, '', 3, 61, 17.00, 0.00, '2014-03-31', '', 3, 1),
(208, '0009', 13, 1, '', 3, 61, 0.00, 17.00, '2014-03-31', '', 61, 1),
(209, '0034', 1, 1, '', 3, 37, 200.00, 0.00, '2014-04-02', '', 3, 1),
(210, '0034', 1, 1, '', 3, 37, 0.00, 200.00, '2014-04-02', '', 37, 1),
(211, '0035', 1, 1, '', 3, 36, 5.00, 0.00, '2014-04-02', '', 3, 1),
(212, '0035', 1, 1, '', 3, 36, 0.00, 5.00, '2014-04-02', '', 36, 1),
(213, '0036', 1, 1, '', 3, 36, 5.00, 0.00, '2014-04-02', '', 3, 1),
(214, '0036', 1, 1, '', 3, 36, 0.00, 5.00, '2014-04-02', '', 36, 1),
(215, '0037', 1, 1, '', 3, 36, 10.00, 0.00, '2014-04-02', '', 3, 1),
(216, '0037', 1, 1, '', 3, 36, 0.00, 10.00, '2014-04-02', '', 36, 1),
(217, '0038', 1, 1, '', 3, 36, 5.00, 0.00, '2014-04-02', '', 3, 1),
(218, '0038', 1, 1, '', 3, 36, 0.00, 5.00, '2014-04-02', '', 36, 1),
(219, '0039', 1, 1, '', 3, 36, 5.00, 0.00, '2014-04-02', '', 3, 1),
(220, '0039', 1, 1, '', 3, 36, 0.00, 5.00, '2014-04-02', '', 36, 1),
(221, '0040', 1, 1, '', 3, 37, 200.00, 0.00, '2014-04-02', '', 3, 1),
(222, '0040', 1, 1, '', 3, 37, 0.00, 200.00, '2014-04-02', '', 37, 1),
(223, '0041', 1, 1, '', 3, 37, 200.00, 0.00, '2014-04-02', '', 3, 1),
(224, '0041', 1, 1, '', 3, 37, 0.00, 200.00, '2014-04-02', '', 37, 1),
(225, '0042', 1, 1, '', 3, 37, 200.00, 0.00, '2014-04-02', '', 3, 1),
(226, '0042', 1, 1, '', 3, 37, 0.00, 200.00, '2014-04-02', '', 37, 1),
(227, '0043', 1, 1, '', 3, 37, 200.00, 0.00, '2014-04-02', '', 3, 1),
(228, '0043', 1, 1, '', 3, 37, 0.00, 200.00, '2014-04-02', '', 37, 1),
(229, '0044', 1, 1, '', 3, 37, 200.00, 0.00, '2014-04-02', '', 3, 1),
(230, '0044', 1, 1, '', 3, 37, 0.00, 200.00, '2014-04-02', '', 37, 1),
(231, '0045', 1, 1, '', 3, 37, 200.00, 0.00, '2014-04-02', '', 3, 1),
(232, '0045', 1, 1, '', 3, 37, 0.00, 200.00, '2014-04-02', '', 37, 1),
(233, '0046', 1, 1, '', 3, 37, 200.00, 0.00, '2014-04-02', '', 3, 1),
(234, '0046', 1, 1, '', 3, 37, 0.00, 200.00, '2014-04-02', '', 37, 1),
(235, '0047', 1, 1, '', 3, 37, 200.00, 0.00, '2014-04-02', '', 3, 1),
(236, '0047', 1, 1, '', 3, 37, 0.00, 200.00, '2014-04-02', '', 37, 1),
(237, '0048', 1, 1, '', 3, 37, 200.00, 0.00, '2014-04-02', '', 3, 1),
(238, '0048', 1, 1, '', 3, 37, 0.00, 200.00, '2014-04-02', '', 37, 1),
(239, '0049', 1, 1, '', 3, 37, 200.00, 0.00, '2014-04-02', '', 3, 1),
(240, '0049', 1, 1, '', 3, 37, 0.00, 200.00, '2014-04-02', '', 37, 1),
(241, '0050', 1, 1, '', 3, 37, 200.00, 0.00, '2014-04-02', '', 3, 1),
(242, '0050', 1, 1, '', 3, 37, 0.00, 200.00, '2014-04-02', '', 37, 1),
(243, '0051', 1, 1, '', 3, 37, 200.00, 0.00, '2014-04-02', '', 3, 1),
(244, '0051', 1, 1, '', 3, 37, 0.00, 200.00, '2014-04-02', '', 37, 1),
(245, '0052', 1, 1, '', 3, 37, 200.00, 0.00, '2014-04-02', '', 3, 1),
(246, '0052', 1, 1, '', 3, 37, 0.00, 200.00, '2014-04-02', '', 37, 1),
(247, '0053', 1, 1, '', 3, 37, 200.00, 0.00, '2014-04-02', '', 3, 1),
(248, '0053', 1, 1, '', 3, 37, 0.00, 200.00, '2014-04-02', '', 37, 1),
(249, '0054', 1, 1, '', 3, 37, 200.00, 0.00, '2014-04-02', '', 3, 1),
(250, '0054', 1, 1, '', 3, 37, 0.00, 200.00, '2014-04-02', '', 37, 1),
(251, '0055', 1, 1, '', 3, 37, 200.00, 0.00, '2014-04-02', '', 3, 1),
(252, '0055', 1, 1, '', 3, 37, 0.00, 200.00, '2014-04-02', '', 37, 1),
(253, '0056', 1, 1, '', 3, 36, 5.00, 0.00, '2014-04-02', '', 3, 1),
(254, '0056', 1, 1, '', 3, 36, 0.00, 5.00, '2014-04-02', '', 36, 1),
(255, '0057', 1, 1, '', 3, 37, 800.00, 0.00, '2014-04-02', '', 3, 1),
(256, '0057', 1, 1, '', 3, 37, 0.00, 800.00, '2014-04-02', '', 37, 1),
(257, '0058', 1, 1, '', 3, 36, 5.00, 0.00, '2014-04-02', '', 3, 1),
(258, '0058', 1, 1, '', 3, 36, 0.00, 5.00, '2014-04-02', '', 36, 1),
(259, '0059', 1, 1, '', 3, 36, 5.00, 0.00, '2014-04-02', '', 3, 1),
(260, '0059', 1, 1, '', 3, 36, 0.00, 5.00, '2014-04-02', '', 36, 1),
(261, '0060', 1, 1, '', 3, 36, 5.00, 0.00, '2014-04-02', '', 3, 1),
(262, '0060', 1, 1, '', 3, 36, 0.00, 5.00, '2014-04-02', '', 36, 1),
(263, '0061', 1, 1, '', 3, 36, 5.00, 0.00, '2014-04-02', '', 3, 1),
(264, '0061', 1, 1, '', 3, 36, 0.00, 5.00, '2014-04-02', '', 36, 1),
(265, '0062', 1, 1, '', 3, 37, 200.00, 0.00, '2014-04-02', '', 3, 1),
(266, '0062', 1, 1, '', 3, 37, 0.00, 200.00, '2014-04-02', '', 37, 1),
(267, '0063', 1, 1, '', 3, 37, 200.00, 0.00, '2014-04-02', '', 3, 1),
(268, '0063', 1, 1, '', 3, 37, 0.00, 200.00, '2014-04-02', '', 37, 1),
(269, '0064', 1, 1, '', 3, 37, 200.00, 0.00, '2014-04-02', '', 3, 1),
(270, '0064', 1, 1, '', 3, 37, 0.00, 200.00, '2014-04-02', '', 37, 1),
(271, '0065', 1, 1, '', 3, 37, 200.00, 0.00, '2014-04-02', '', 3, 1),
(272, '0065', 1, 1, '', 3, 37, 0.00, 200.00, '2014-04-02', '', 37, 1),
(273, '0066', 1, 1, '', 3, 37, 200.00, 0.00, '2014-04-02', '', 3, 1),
(274, '0066', 1, 1, '', 3, 37, 0.00, 200.00, '2014-04-02', '', 37, 1),
(275, '0067', 1, 1, '', 3, 36, 5.00, 0.00, '2014-04-02', '', 3, 1),
(276, '0067', 1, 1, '', 3, 36, 0.00, 5.00, '2014-04-02', '', 36, 1),
(277, '0068', 1, 1, '', 3, 36, 5.00, 0.00, '2014-04-02', '', 3, 1),
(278, '0068', 1, 1, '', 3, 36, 0.00, 5.00, '2014-04-02', '', 36, 1),
(279, '0069', 1, 1, '', 3, 37, 200.00, 0.00, '2014-04-02', '', 3, 1),
(280, '0069', 1, 1, '', 3, 37, 0.00, 200.00, '2014-04-02', '', 37, 1),
(281, '0070', 1, 1, '', 3, 36, 5.00, 0.00, '2014-04-02', '', 3, 1),
(282, '0070', 1, 1, '', 3, 36, 0.00, 5.00, '2014-04-02', '', 36, 1),
(283, '0071', 1, 1, '', 3, 37, 200.00, 0.00, '2014-04-02', '', 3, 1),
(284, '0071', 1, 1, '', 3, 37, 0.00, 200.00, '2014-04-02', '', 37, 1),
(285, '0072', 1, 1, '', 3, 37, 200.00, 0.00, '2014-04-02', '', 3, 1),
(286, '0072', 1, 1, '', 3, 37, 0.00, 200.00, '2014-04-02', '', 37, 1),
(287, '0073', 1, 1, '', 3, 37, 200.00, 0.00, '2014-04-02', '', 3, 1),
(288, '0073', 1, 1, '', 3, 37, 0.00, 200.00, '2014-04-02', '', 37, 1),
(289, '0074', 1, 1, '', 3, 36, 5.00, 0.00, '2014-04-02', '', 3, 1),
(290, '0074', 1, 1, '', 3, 36, 0.00, 5.00, '2014-04-02', '', 36, 1),
(291, '0075', 1, 1, '', 3, 36, 5.00, 0.00, '2014-04-02', '', 3, 1),
(292, '0075', 1, 1, '', 3, 36, 0.00, 5.00, '2014-04-02', '', 36, 1),
(293, '0076', 1, 1, '', 3, 36, 5.00, 0.00, '2014-04-02', '', 3, 1),
(294, '0076', 1, 1, '', 3, 36, 0.00, 5.00, '2014-04-02', '', 36, 1),
(295, '0077', 1, 1, '', 3, 37, 200.00, 0.00, '2014-04-02', '', 3, 1),
(296, '0077', 1, 1, '', 3, 37, 0.00, 200.00, '2014-04-02', '', 37, 1),
(297, '0078', 1, 1, '', 3, 36, 5.00, 0.00, '2014-04-02', '', 3, 1),
(298, '0078', 1, 1, '', 3, 36, 0.00, 5.00, '2014-04-02', '', 36, 1),
(299, '0079', 1, 1, '', 3, 37, 200.00, 0.00, '2014-04-02', '', 3, 1),
(300, '0079', 1, 1, '', 3, 37, 0.00, 200.00, '2014-04-02', '', 37, 1),
(301, '0080', 1, 1, '', 3, 36, 5.00, 0.00, '2014-04-02', '', 3, 1),
(302, '0080', 1, 1, '', 3, 36, 0.00, 5.00, '2014-04-02', '', 36, 1),
(303, '0081', 1, 1, '', 3, 36, 5.00, 0.00, '2014-04-02', '', 3, 1),
(304, '0081', 1, 1, '', 3, 36, 0.00, 5.00, '2014-04-02', '', 36, 1),
(305, '0082', 1, 1, '', 3, 36, 5.00, 0.00, '2014-04-02', '', 3, 1),
(306, '0082', 1, 1, '', 3, 36, 0.00, 5.00, '2014-04-02', '', 36, 1),
(307, '0083', 1, 1, '', 3, 36, 5.00, 0.00, '2014-04-02', '', 3, 1),
(308, '0083', 1, 1, '', 3, 36, 0.00, 5.00, '2014-04-02', '', 36, 1),
(309, '0084', 1, 1, '', 3, 36, 5.00, 0.00, '2014-04-02', '', 3, 1),
(310, '0084', 1, 1, '', 3, 36, 0.00, 5.00, '2014-04-02', '', 36, 1),
(311, '0085', 1, 1, '', 3, 36, 5.00, 0.00, '2014-04-02', '', 3, 1),
(312, '0085', 1, 1, '', 3, 36, 0.00, 5.00, '2014-04-02', '', 36, 1),
(313, '0086', 1, 1, '', 3, 36, 5.00, 0.00, '2014-04-02', '', 3, 1),
(314, '0086', 1, 1, '', 3, 36, 0.00, 5.00, '2014-04-02', '', 36, 1),
(315, '0087', 1, 1, '', 3, 36, 5.00, 0.00, '2014-04-02', '', 3, 1),
(316, '0087', 1, 1, '', 3, 36, 0.00, 5.00, '2014-04-02', '', 36, 1),
(317, '0088', 1, 1, '', 3, 36, 5.00, 0.00, '2014-04-02', '', 3, 1),
(318, '0088', 1, 1, '', 3, 36, 0.00, 5.00, '2014-04-02', '', 36, 1),
(319, '0089', 1, 1, '', 3, 36, 5.00, 0.00, '2014-04-02', '', 3, 1),
(320, '0089', 1, 1, '', 3, 36, 0.00, 5.00, '2014-04-02', '', 36, 1),
(321, '0090', 1, 1, '', 3, 37, 200.00, 0.00, '2014-04-02', '', 3, 1),
(322, '0090', 1, 1, '', 3, 37, 0.00, 200.00, '2014-04-02', '', 37, 1),
(323, '0091', 1, 1, '', 3, 36, 5.00, 0.00, '2014-04-02', '', 3, 1),
(324, '0091', 1, 1, '', 3, 36, 0.00, 5.00, '2014-04-02', '', 36, 1),
(325, '0092', 1, 1, '', 3, 37, 200.00, 0.00, '2014-04-02', '', 3, 1),
(326, '0092', 1, 1, '', 3, 37, 0.00, 200.00, '2014-04-02', '', 37, 1),
(327, '0093', 1, 1, '', 3, 36, 5.00, 0.00, '2014-04-02', '', 3, 1),
(328, '0093', 1, 1, '', 3, 36, 0.00, 5.00, '2014-04-02', '', 36, 1),
(329, '0094', 1, 1, '', 3, 36, 5.00, 0.00, '2014-04-02', '', 3, 1),
(330, '0094', 1, 1, '', 3, 36, 0.00, 5.00, '2014-04-02', '', 36, 1),
(331, '0095', 1, 1, '', 3, 36, 5.00, 0.00, '2014-04-02', '', 3, 1),
(332, '0095', 1, 1, '', 3, 36, 0.00, 5.00, '2014-04-02', '', 36, 1),
(333, '0096', 1, 1, '', 3, 36, 5.00, 0.00, '2014-04-02', '', 3, 1),
(334, '0096', 1, 1, '', 3, 36, 0.00, 5.00, '2014-04-02', '', 36, 1),
(335, '0097', 1, 1, '', 3, 36, 5.00, 0.00, '2014-04-02', '', 3, 1),
(336, '0097', 1, 1, '', 3, 36, 0.00, 5.00, '2014-04-02', '', 36, 1),
(337, '0098', 1, 1, '', 3, 37, 200.00, 0.00, '2014-04-02', '', 3, 1),
(338, '0098', 1, 1, '', 3, 37, 0.00, 200.00, '2014-04-02', '', 37, 1),
(339, '0099', 1, 1, '', 3, 36, 20.00, 0.00, '2014-04-02', '', 3, 1),
(340, '0099', 1, 1, '', 3, 36, 0.00, 20.00, '2014-04-02', '', 36, 1),
(341, '0100', 1, 1, '', 3, 36, 20.00, 0.00, '2014-04-02', '', 3, 1),
(342, '0100', 1, 1, '', 3, 36, 0.00, 20.00, '2014-04-02', '', 36, 1),
(343, '0101', 1, 1, '', 3, 36, 20.00, 0.00, '2014-04-02', '', 3, 1),
(344, '0101', 1, 1, '', 3, 36, 0.00, 20.00, '2014-04-02', '', 36, 1),
(345, '0102', 1, 1, '', 3, 37, 200.00, 0.00, '2014-04-02', '', 3, 1),
(346, '0102', 1, 1, '', 3, 37, 0.00, 200.00, '2014-04-02', '', 37, 1),
(347, '0103', 1, 1, '', 3, 37, 200.00, 0.00, '2014-04-02', '', 3, 1),
(348, '0103', 1, 1, '', 3, 37, 0.00, 200.00, '2014-04-02', '', 37, 1),
(349, '0104', 1, 1, '', 3, 37, 200.00, 0.00, '2014-04-02', '', 3, 2),
(350, '0104', 1, 1, '', 3, 37, 0.00, 200.00, '2014-04-02', '', 37, 2),
(351, '0105', 1, 1, '', 3, 37, 200.00, 0.00, '2014-04-02', '', 3, 2),
(352, '0105', 1, 1, '', 3, 37, 0.00, 200.00, '2014-04-02', '', 37, 2),
(353, '0106', 1, 1, '', 3, 36, 5.00, 0.00, '2014-04-02', '', 3, 1),
(354, '0106', 1, 1, '', 3, 36, 0.00, 5.00, '2014-04-02', '', 36, 1),
(355, '0107', 1, 1, '', 3, 36, 5.00, 0.00, '2014-04-02', '', 3, 1),
(356, '0107', 1, 1, '', 3, 36, 0.00, 5.00, '2014-04-02', '', 36, 1),
(357, '0108', 1, 1, '', 3, 36, 5.00, 0.00, '2014-04-02', '', 3, 1),
(358, '0108', 1, 1, '', 3, 36, 0.00, 5.00, '2014-04-02', '', 36, 1),
(359, '0109', 1, 1, '', 3, 36, 5.00, 0.00, '2014-04-02', '', 3, 1),
(360, '0109', 1, 1, '', 3, 36, 0.00, 5.00, '2014-04-02', '', 36, 1),
(361, '0110', 1, 1, '', 3, 37, 200.00, 0.00, '2014-04-02', '', 3, 2),
(362, '0110', 1, 1, '', 3, 37, 0.00, 200.00, '2014-04-02', '', 37, 2),
(363, '0111', 1, 1, '', 3, 36, 5.00, 0.00, '2014-04-02', '', 3, 1),
(364, '0111', 1, 1, '', 3, 36, 0.00, 5.00, '2014-04-02', '', 36, 1),
(365, '0112', 1, 1, '', 3, 36, 5.00, 0.00, '2014-04-03', '', 3, 1),
(366, '0112', 1, 1, '', 3, 36, 0.00, 5.00, '2014-04-03', '', 36, 1),
(367, '0113', 1, 1, '', 3, 37, 200.00, 0.00, '2014-04-03', '', 3, 1),
(368, '0113', 1, 1, '', 3, 37, 0.00, 200.00, '2014-04-03', '', 37, 1),
(369, '0114', 1, 1, '', 3, 36, 5.00, 0.00, '2014-04-03', '', 3, 1),
(370, '0114', 1, 1, '', 3, 36, 0.00, 5.00, '2014-04-03', '', 36, 1),
(371, '0115', 1, 1, '', 3, 37, 800.00, 0.00, '2014-04-03', '', 3, 1),
(372, '0115', 1, 1, '', 3, 37, 0.00, 800.00, '2014-04-03', '', 37, 1),
(373, '0116', 1, 1, '', 3, 37, 200.00, 0.00, '2014-04-03', '', 3, 1),
(374, '0116', 1, 1, '', 3, 37, 0.00, 200.00, '2014-04-03', '', 37, 1),
(375, '0117', 1, 1, '', 3, 36, 10.00, 0.00, '2014-04-03', '', 3, 1),
(376, '0117', 1, 1, '', 3, 36, 0.00, 10.00, '2014-04-03', '', 36, 1),
(377, '0118', 1, 1, '', 3, 36, 10.00, 0.00, '2014-04-03', '', 3, 1),
(378, '0118', 1, 1, '', 3, 36, 0.00, 10.00, '2014-04-03', '', 36, 1),
(379, '0119', 1, 1, '', 3, 37, 200.00, 0.00, '2014-04-03', '', 3, 1),
(380, '0119', 1, 1, '', 3, 37, 0.00, 200.00, '2014-04-03', '', 37, 1),
(381, '0120', 1, 1, '', 3, 37, 200.00, 0.00, '2014-04-03', '', 3, 1),
(382, '0120', 1, 1, '', 3, 37, 0.00, 200.00, '2014-04-03', '', 37, 1),
(383, '0121', 1, 1, '', 3, 37, 200.00, 0.00, '2014-04-03', '', 3, 1),
(384, '0121', 1, 1, '', 3, 37, 0.00, 200.00, '2014-04-03', '', 37, 1),
(385, '0122', 1, 1, '', 3, 37, 200.00, 0.00, '2014-04-03', '', 3, 1),
(386, '0122', 1, 1, '', 3, 37, 0.00, 200.00, '2014-04-03', '', 37, 1),
(387, '0123', 1, 1, '', 3, 37, 200.00, 0.00, '2014-04-03', '', 3, 1),
(388, '0123', 1, 1, '', 3, 37, 0.00, 200.00, '2014-04-03', '', 37, 1),
(389, '0124', 1, 1, '', 3, 36, 5.00, 0.00, '2014-04-03', '', 3, 1),
(390, '0124', 1, 1, '', 3, 36, 0.00, 5.00, '2014-04-03', '', 36, 1),
(391, '0125', 1, 1, '', 3, 37, 400.00, 0.00, '2014-04-04', '', 3, 1),
(392, '0125', 1, 1, '', 3, 37, 0.00, 400.00, '2014-04-04', '', 37, 1),
(393, '0126', 1, 1, '', 3, 36, 10.00, 0.00, '2014-04-04', '', 3, 1),
(394, '0126', 1, 1, '', 3, 36, 0.00, 10.00, '2014-04-04', '', 36, 1),
(395, '0127', 1, 1, '', 3, 36, 5.00, 0.00, '2014-04-04', '', 3, 1),
(396, '0127', 1, 1, '', 3, 36, 0.00, 5.00, '2014-04-04', '', 36, 1),
(397, '0128', 1, 1, '', 3, 37, 200.00, 0.00, '2014-04-04', '', 3, 1),
(398, '0128', 1, 1, '', 3, 37, 0.00, 200.00, '2014-04-04', '', 37, 1),
(399, '0129', 1, 1, '', 3, 36, 5.00, 0.00, '2014-04-11', '', 3, 1),
(400, '0129', 1, 1, '', 3, 36, 0.00, 5.00, '2014-04-11', '', 36, 1),
(401, '0130', 1, 1, '', 3, 37, 200.00, 0.00, '2014-04-11', '', 3, 1),
(402, '0130', 1, 1, '', 3, 37, 0.00, 200.00, '2014-04-11', '', 37, 1),
(403, '0131', 1, 1, '', 3, 37, 200.00, 0.00, '2014-04-11', '', 3, 1),
(404, '0131', 1, 1, '', 3, 37, 0.00, 200.00, '2014-04-11', '', 37, 1),
(405, '0132', 1, 1, '', 3, 37, 200.00, 0.00, '2014-04-11', '', 3, 1),
(406, '0132', 1, 1, '', 3, 37, 0.00, 200.00, '2014-04-11', '', 37, 1),
(407, '0133', 1, 1, '', 3, 37, 200.00, 0.00, '2014-04-11', '', 3, 1),
(408, '0133', 1, 1, '', 3, 37, 0.00, 200.00, '2014-04-11', '', 37, 1),
(409, '0134', 1, 1, '', 3, 37, 200.00, 0.00, '2014-04-11', '', 3, 1),
(410, '0134', 1, 1, '', 3, 37, 0.00, 200.00, '2014-04-11', '', 37, 1),
(411, '0135', 1, 1, '', 3, 37, 200.00, 0.00, '2014-04-11', '', 3, 1),
(412, '0135', 1, 1, '', 3, 37, 0.00, 200.00, '2014-04-11', '', 37, 1),
(413, '0136', 1, 1, '', 3, 37, 200.00, 0.00, '2014-04-11', '', 3, 1),
(414, '0136', 1, 1, '', 3, 37, 0.00, 200.00, '2014-04-11', '', 37, 1),
(415, '0137', 1, 1, '', 3, 37, 200.00, 0.00, '2014-04-11', '', 3, 1),
(416, '0137', 1, 1, '', 3, 37, 0.00, 200.00, '2014-04-11', '', 37, 1),
(417, '0138', 1, 1, '', 3, 37, 200.00, 0.00, '2014-04-11', '', 3, 1),
(418, '0138', 1, 1, '', 3, 37, 0.00, 200.00, '2014-04-11', '', 37, 1),
(419, '0139', 1, 1, '', 3, 37, 200.00, 0.00, '2014-04-11', '', 3, 1),
(420, '0139', 1, 1, '', 3, 37, 0.00, 200.00, '2014-04-11', '', 37, 1),
(421, '0140', 1, 1, '', 3, 37, 200.00, 0.00, '2014-04-11', '', 3, 1),
(422, '0140', 1, 1, '', 3, 37, 0.00, 200.00, '2014-04-11', '', 37, 1),
(423, '0141', 1, 1, '', 3, 37, 200.00, 0.00, '2014-04-11', '', 3, 1),
(424, '0141', 1, 1, '', 3, 37, 0.00, 200.00, '2014-04-11', '', 37, 1),
(425, '0142', 1, 1, '', 3, 37, 200.00, 0.00, '2014-04-11', '', 3, 1),
(426, '0142', 1, 1, '', 3, 37, 0.00, 200.00, '2014-04-11', '', 37, 1),
(427, '0143', 1, 1, '', 3, 37, 200.00, 0.00, '2014-04-11', '', 3, 1),
(428, '0143', 1, 1, '', 3, 37, 0.00, 200.00, '2014-04-11', '', 37, 1),
(429, '0144', 1, 1, '', 3, 37, 200.00, 0.00, '2014-04-11', '', 3, 1),
(430, '0144', 1, 1, '', 3, 37, 0.00, 200.00, '2014-04-11', '', 37, 1),
(431, '0145', 1, 1, '', 3, 37, 800.00, 0.00, '2014-04-11', '', 3, 1),
(432, '0145', 1, 1, '', 3, 37, 0.00, 800.00, '2014-04-11', '', 37, 1),
(433, '0146', 1, 1, '', 3, 37, 800.00, 0.00, '2014-04-11', '', 3, 1),
(434, '0146', 1, 1, '', 3, 37, 0.00, 800.00, '2014-04-11', '', 37, 1),
(435, '0147', 1, 1, '', 3, 36, 20.00, 0.00, '2014-04-11', '', 3, 1),
(436, '0147', 1, 1, '', 3, 36, 0.00, 20.00, '2014-04-11', '', 36, 1),
(437, '0148', 1, 1, '', 3, 37, 800.00, 0.00, '2014-04-11', '', 3, 1),
(438, '0148', 1, 1, '', 3, 37, 0.00, 800.00, '2014-04-11', '', 37, 1),
(439, '0149', 1, 1, '', 3, 37, 800.00, 0.00, '2014-04-11', '', 3, 1),
(440, '0149', 1, 1, '', 3, 37, 0.00, 800.00, '2014-04-11', '', 37, 1),
(441, '0150', 1, 1, '', 3, 36, 20.00, 0.00, '2014-04-11', '', 3, 1),
(442, '0150', 1, 1, '', 3, 36, 0.00, 20.00, '2014-04-11', '', 36, 1),
(443, '0151', 1, 1, '', 3, 37, 800.00, 0.00, '2014-04-11', '', 3, 1),
(444, '0151', 1, 1, '', 3, 37, 0.00, 800.00, '2014-04-11', '', 37, 1),
(445, '0152', 1, 1, '', 3, 37, 800.00, 0.00, '2014-04-11', '', 3, 1),
(446, '0152', 1, 1, '', 3, 37, 0.00, 800.00, '2014-04-11', '', 37, 1),
(447, '0153', 1, 1, '', 3, 37, 800.00, 0.00, '2014-04-11', '', 3, 1),
(448, '0153', 1, 1, '', 3, 37, 0.00, 800.00, '2014-04-11', '', 37, 1),
(449, '0154', 1, 1, '', 3, 37, 800.00, 0.00, '2014-04-11', '', 3, 1),
(450, '0154', 1, 1, '', 3, 37, 0.00, 800.00, '2014-04-11', '', 37, 1),
(451, '0155', 1, 1, '', 3, 37, 800.00, 0.00, '2014-04-11', '', 3, 1),
(452, '0155', 1, 1, '', 3, 37, 0.00, 800.00, '2014-04-11', '', 37, 1),
(453, '0156', 1, 1, '', 3, 37, 800.00, 0.00, '2014-04-11', '', 3, 1),
(454, '0156', 1, 1, '', 3, 37, 0.00, 800.00, '2014-04-11', '', 37, 1),
(455, '0157', 1, 1, '', 3, 37, 800.00, 0.00, '2014-04-11', '', 3, 1),
(456, '0157', 1, 1, '', 3, 37, 0.00, 800.00, '2014-04-11', '', 37, 1),
(457, '0158', 1, 1, '', 3, 37, 200.00, 0.00, '2014-04-11', '', 3, 1),
(458, '0158', 1, 1, '', 3, 37, 0.00, 200.00, '2014-04-11', '', 37, 1),
(459, '0159', 1, 1, '', 3, 37, 200.00, 0.00, '2014-04-11', '', 3, 1),
(460, '0159', 1, 1, '', 3, 37, 0.00, 200.00, '2014-04-11', '', 37, 1),
(461, '0160', 1, 1, '', 3, 37, 200.00, 0.00, '2014-04-11', '', 3, 1),
(462, '0160', 1, 1, '', 3, 37, 0.00, 200.00, '2014-04-11', '', 37, 1),
(463, '0161', 1, 1, '', 3, 37, 200.00, 0.00, '2014-04-11', '', 3, 1),
(464, '0161', 1, 1, '', 3, 37, 0.00, 200.00, '2014-04-11', '', 37, 1),
(465, '0162', 1, 1, '', 3, 37, 200.00, 0.00, '2014-04-11', '', 3, 1),
(466, '0162', 1, 1, '', 3, 37, 0.00, 200.00, '2014-04-11', '', 37, 1),
(467, '0163', 1, 1, '', 3, 37, 200.00, 0.00, '2014-04-11', '', 3, 1),
(468, '0163', 1, 1, '', 3, 37, 0.00, 200.00, '2014-04-11', '', 37, 1),
(469, '0164', 1, 1, '', 3, 37, 200.00, 0.00, '2014-04-11', '', 3, 1),
(470, '0164', 1, 1, '', 3, 37, 0.00, 200.00, '2014-04-11', '', 37, 1),
(471, '0165', 1, 1, '', 3, 37, 200.00, 0.00, '2014-04-11', '', 3, 1),
(472, '0165', 1, 1, '', 3, 37, 0.00, 200.00, '2014-04-11', '', 37, 1),
(473, '0166', 1, 1, '', 3, 36, 5.00, 0.00, '2014-04-11', '', 3, 1),
(474, '0166', 1, 1, '', 3, 36, 0.00, 5.00, '2014-04-11', '', 36, 1),
(475, '0167', 1, 1, '', 3, 37, 200.00, 0.00, '2014-04-11', '', 3, 1),
(476, '0167', 1, 1, '', 3, 37, 0.00, 200.00, '2014-04-11', '', 37, 1),
(477, '0168', 1, 1, '', 3, 37, 200.00, 0.00, '2014-04-11', '', 3, 1),
(478, '0168', 1, 1, '', 3, 37, 0.00, 200.00, '2014-04-11', '', 37, 1),
(479, '0169', 1, 1, '', 3, 36, 5.00, 0.00, '2014-04-11', '', 3, 1),
(480, '0169', 1, 1, '', 3, 36, 0.00, 5.00, '2014-04-11', '', 36, 1),
(481, '0170', 1, 1, '', 3, 36, 5.00, 0.00, '2014-04-11', '', 3, 1),
(482, '0170', 1, 1, '', 3, 36, 0.00, 5.00, '2014-04-11', '', 36, 1),
(483, '0171', 1, 1, '', 3, 36, 5.00, 0.00, '2014-04-11', '', 3, 1),
(484, '0171', 1, 1, '', 3, 36, 0.00, 5.00, '2014-04-11', '', 36, 1),
(485, '0172', 1, 1, '', 3, 36, 5.00, 0.00, '2014-04-11', '', 3, 1),
(486, '0172', 1, 1, '', 3, 36, 0.00, 5.00, '2014-04-11', '', 36, 1),
(487, '0173', 1, 1, '', 3, 36, 5.00, 0.00, '2014-04-11', '', 3, 1),
(488, '0173', 1, 1, '', 3, 36, 0.00, 5.00, '2014-04-11', '', 36, 1),
(489, '0174', 1, 1, '', 3, 36, 5.00, 0.00, '2014-04-11', '', 3, 1),
(490, '0174', 1, 1, '', 3, 36, 0.00, 5.00, '2014-04-11', '', 36, 1),
(491, '0175', 1, 1, '', 3, 36, 5.00, 0.00, '2014-04-11', '', 3, 1),
(492, '0175', 1, 1, '', 3, 36, 0.00, 5.00, '2014-04-11', '', 36, 1),
(493, '0176', 1, 1, '', 3, 37, 200.00, 0.00, '2014-04-11', '', 3, 1),
(494, '0176', 1, 1, '', 3, 37, 0.00, 200.00, '2014-04-11', '', 37, 1),
(495, '0177', 1, 1, '', 3, 37, 200.00, 0.00, '2014-04-11', '', 3, 1),
(496, '0177', 1, 1, '', 3, 37, 0.00, 200.00, '2014-04-11', '', 37, 1),
(497, '0178', 1, 1, '', 3, 37, 200.00, 0.00, '2014-04-11', '', 3, 1),
(498, '0178', 1, 1, '', 3, 37, 0.00, 200.00, '2014-04-11', '', 37, 1),
(499, '0179', 1, 1, '', 3, 37, 200.00, 0.00, '2014-04-11', '', 3, 1),
(500, '0179', 1, 1, '', 3, 37, 0.00, 200.00, '2014-04-11', '', 37, 1),
(501, '0180', 1, 1, '', 3, 36, 5.00, 0.00, '2014-04-11', '', 3, 1),
(502, '0180', 1, 1, '', 3, 36, 0.00, 5.00, '2014-04-11', '', 36, 1),
(503, '0181', 1, 1, '', 3, 37, 200.00, 0.00, '2014-04-11', '', 3, 1),
(504, '0181', 1, 1, '', 3, 37, 0.00, 200.00, '2014-04-11', '', 37, 1),
(505, '0182', 1, 1, '', 3, 36, 5.00, 0.00, '2014-04-11', '', 3, 1),
(506, '0182', 1, 1, '', 3, 36, 0.00, 5.00, '2014-04-11', '', 36, 1),
(507, '0183', 1, 1, '', 3, 36, 5.00, 0.00, '2014-04-11', '', 3, 1),
(508, '0183', 1, 1, '', 3, 36, 0.00, 5.00, '2014-04-11', '', 36, 1),
(509, '0184', 1, 1, '', 3, 37, 200.00, 0.00, '2014-04-11', '', 3, 1),
(510, '0184', 1, 1, '', 3, 37, 0.00, 200.00, '2014-04-11', '', 37, 1),
(511, '0185', 1, 1, '', 3, 37, 200.00, 0.00, '2014-04-11', '', 3, 1),
(512, '0185', 1, 1, '', 3, 37, 0.00, 200.00, '2014-04-11', '', 37, 1),
(513, '0186', 1, 1, '', 3, 37, 200.00, 0.00, '2014-04-11', '', 3, 1),
(514, '0186', 1, 1, '', 3, 37, 0.00, 200.00, '2014-04-11', '', 37, 1),
(515, '0187', 1, 1, '', 3, 37, 200.00, 0.00, '2014-04-11', '', 3, 1),
(516, '0187', 1, 1, '', 3, 37, 0.00, 200.00, '2014-04-11', '', 37, 1),
(517, '0188', 1, 1, '', 3, 37, 800.00, 0.00, '2014-04-11', '', 3, 1),
(518, '0188', 1, 1, '', 3, 37, 0.00, 800.00, '2014-04-11', '', 37, 1),
(519, '0189', 1, 1, '', 3, 37, 800.00, 0.00, '2014-04-11', '', 3, 1),
(520, '0189', 1, 1, '', 3, 37, 0.00, 800.00, '2014-04-11', '', 37, 1),
(521, '0190', 1, 1, '', 3, 37, 800.00, 0.00, '2014-04-11', '', 3, 1),
(522, '0190', 1, 1, '', 3, 37, 0.00, 800.00, '2014-04-11', '', 37, 1),
(523, '0191', 1, 1, '', 3, 37, 800.00, 0.00, '2014-04-11', '', 3, 1),
(524, '0191', 1, 1, '', 3, 37, 0.00, 800.00, '2014-04-11', '', 37, 1),
(525, '0192', 1, 1, '', 3, 37, 200.00, 0.00, '2014-04-11', '', 3, 1),
(526, '0192', 1, 1, '', 3, 37, 0.00, 200.00, '2014-04-11', '', 37, 1),
(527, '0193', 1, 1, '', 3, 37, 800.00, 0.00, '2014-04-11', '', 3, 1),
(528, '0193', 1, 1, '', 3, 37, 0.00, 800.00, '2014-04-11', '', 37, 1),
(529, '0194', 1, 1, '', 3, 37, 800.00, 0.00, '2014-04-11', '', 3, 1),
(530, '0194', 1, 1, '', 3, 37, 0.00, 800.00, '2014-04-11', '', 37, 1),
(531, '0195', 1, 1, '', 3, 37, 800.00, 0.00, '2014-04-11', '', 3, 1),
(532, '0195', 1, 1, '', 3, 37, 0.00, 800.00, '2014-04-11', '', 37, 1),
(533, '0196', 1, 1, '', 3, 36, 5.00, 0.00, '2014-04-11', '', 3, 1),
(534, '0196', 1, 1, '', 3, 36, 0.00, 5.00, '2014-04-11', '', 36, 1),
(535, '0197', 1, 1, '', 3, 37, 400.00, 0.00, '2014-04-11', '', 3, 1),
(536, '0197', 1, 1, '', 3, 37, 0.00, 400.00, '2014-04-11', '', 37, 1),
(537, '0198', 1, 1, '', 3, 37, 200.00, 0.00, '2014-04-11', '', 3, 1),
(538, '0198', 1, 1, '', 3, 37, 0.00, 200.00, '2014-04-11', '', 37, 1),
(539, '0199', 1, 1, '', 3, 37, 200.00, 0.00, '2014-04-11', '', 3, 1),
(540, '0199', 1, 1, '', 3, 37, 0.00, 200.00, '2014-04-11', '', 37, 1),
(541, '0200', 1, 1, '', 3, 37, 200.00, 0.00, '2014-04-11', '', 3, 1),
(542, '0200', 1, 1, '', 3, 37, 0.00, 200.00, '2014-04-11', '', 37, 1),
(543, '0201', 1, 1, '', 3, 37, 200.00, 0.00, '2014-04-11', '', 3, 1),
(544, '0201', 1, 1, '', 3, 37, 0.00, 200.00, '2014-04-11', '', 37, 1),
(545, '0202', 1, 1, '', 3, 37, 400.00, 0.00, '2014-04-11', '', 3, 1),
(546, '0202', 1, 1, '', 3, 37, 0.00, 400.00, '2014-04-11', '', 37, 1),
(547, '0203', 1, 1, '', 3, 36, 15.00, 0.00, '2014-04-11', '', 3, 1),
(548, '0203', 1, 1, '', 3, 36, 0.00, 15.00, '2014-04-11', '', 36, 1),
(549, '0204', 1, 1, '', 3, 37, 800.00, 0.00, '2014-04-11', '', 3, 1),
(550, '0204', 1, 1, '', 3, 37, 0.00, 800.00, '2014-04-11', '', 37, 1),
(551, '0205', 1, 1, '', 3, 37, 800.00, 0.00, '2014-04-11', '', 3, 1),
(552, '0205', 1, 1, '', 3, 37, 0.00, 800.00, '2014-04-11', '', 37, 1),
(553, '0206', 1, 1, '', 3, 37, 200.00, 0.00, '2014-04-11', '', 3, 1),
(554, '0206', 1, 1, '', 3, 37, 0.00, 200.00, '2014-04-11', '', 37, 1),
(555, '0207', 1, 1, '', 3, 37, 200.00, 0.00, '2014-04-11', '', 3, 1),
(556, '0207', 1, 1, '', 3, 37, 0.00, 200.00, '2014-04-11', '', 37, 1),
(557, '0208', 1, 1, '', 3, 37, 200.00, 0.00, '2014-04-11', '', 3, 1),
(558, '0208', 1, 1, '', 3, 37, 0.00, 200.00, '2014-04-11', '', 37, 1),
(559, '0209', 1, 1, '', 3, 37, 200.00, 0.00, '2014-04-11', '', 3, 1),
(560, '0209', 1, 1, '', 3, 37, 0.00, 200.00, '2014-04-11', '', 37, 1),
(561, '0210', 1, 1, '', 3, 37, 200.00, 0.00, '2014-04-11', '', 3, 1),
(562, '0210', 1, 1, '', 3, 37, 0.00, 200.00, '2014-04-11', '', 37, 1),
(563, '0211', 1, 1, '', 3, 37, 400.00, 0.00, '2014-04-11', '', 3, 1),
(564, '0211', 1, 1, '', 3, 37, 0.00, 400.00, '2014-04-11', '', 37, 1),
(565, '0212', 1, 1, '', 3, 37, 600.00, 0.00, '2014-04-11', '', 3, 1),
(566, '0212', 1, 1, '', 3, 37, 0.00, 600.00, '2014-04-11', '', 37, 1),
(567, '0213', 1, 1, '', 3, 37, 200.00, 0.00, '2014-04-11', '', 3, 1),
(568, '0213', 1, 1, '', 3, 37, 0.00, 200.00, '2014-04-11', '', 37, 1),
(569, '0214', 1, 1, '', 3, 37, 200.00, 0.00, '2014-04-11', '', 3, 1),
(570, '0214', 1, 1, '', 3, 37, 0.00, 200.00, '2014-04-11', '', 37, 1),
(571, '0215', 1, 1, '', 3, 37, 200.00, 0.00, '2014-04-11', '', 3, 1),
(572, '0215', 1, 1, '', 3, 37, 0.00, 200.00, '2014-04-11', '', 37, 1),
(573, '0216', 1, 1, '', 3, 37, 200.00, 0.00, '2014-04-11', '', 3, 1),
(574, '0216', 1, 1, '', 3, 37, 0.00, 200.00, '2014-04-11', '', 37, 1),
(575, '0217', 1, 1, '', 3, 37, 200.00, 0.00, '2014-04-11', '', 3, 1),
(576, '0217', 1, 1, '', 3, 37, 0.00, 200.00, '2014-04-11', '', 37, 1),
(577, '0218', 1, 1, '', 3, 37, 200.00, 0.00, '2014-04-11', '', 3, 1),
(578, '0218', 1, 1, '', 3, 37, 0.00, 200.00, '2014-04-11', '', 37, 1),
(579, '0219', 1, 1, '', 3, 37, 200.00, 0.00, '2014-04-11', '', 3, 1),
(580, '0219', 1, 1, '', 3, 37, 0.00, 200.00, '2014-04-11', '', 37, 1),
(581, '0220', 1, 1, '', 3, 37, 200.00, 0.00, '2014-04-11', '', 3, 1),
(582, '0220', 1, 1, '', 3, 37, 0.00, 200.00, '2014-04-11', '', 37, 1),
(583, '0221', 1, 1, '', 3, 37, 200.00, 0.00, '2014-04-11', '', 3, 1),
(584, '0221', 1, 1, '', 3, 37, 0.00, 200.00, '2014-04-11', '', 37, 1),
(585, '0222', 1, 1, '', 3, 36, 5.00, 0.00, '2014-04-11', '', 3, 1),
(586, '0222', 1, 1, '', 3, 36, 0.00, 5.00, '2014-04-11', '', 36, 1),
(587, '0223', 1, 1, '', 3, 36, 5.00, 0.00, '2014-04-11', '', 3, 1),
(588, '0223', 1, 1, '', 3, 36, 0.00, 5.00, '2014-04-11', '', 36, 1),
(589, '0224', 1, 1, '', 3, 37, 400.00, 0.00, '2014-04-11', '', 3, 1),
(590, '0224', 1, 1, '', 3, 37, 0.00, 400.00, '2014-04-11', '', 37, 1),
(591, '0225', 1, 1, '', 3, 37, 200.00, 0.00, '2014-04-11', '', 3, 1),
(592, '0225', 1, 1, '', 3, 37, 0.00, 200.00, '2014-04-11', '', 37, 1),
(593, '0226', 1, 1, '', 3, 37, 200.00, 0.00, '2014-04-11', '', 3, 1),
(594, '0226', 1, 1, '', 3, 37, 0.00, 200.00, '2014-04-11', '', 37, 1),
(595, '0227', 1, 1, '', 3, 37, 200.00, 0.00, '2014-04-11', '', 3, 1),
(596, '0227', 1, 1, '', 3, 37, 0.00, 200.00, '2014-04-11', '', 37, 1),
(597, '0228', 1, 1, '', 3, 37, 800.00, 0.00, '2014-04-11', '', 3, 1),
(598, '0228', 1, 1, '', 3, 37, 0.00, 800.00, '2014-04-11', '', 37, 1),
(599, '0229', 1, 1, '', 3, 37, 600.00, 0.00, '2014-04-11', '', 3, 1),
(600, '0229', 1, 1, '', 3, 37, 0.00, 600.00, '2014-04-11', '', 37, 1),
(601, '0230', 1, 1, '', 3, 37, 400.00, 0.00, '2014-04-11', '', 3, 1),
(602, '0230', 1, 1, '', 3, 37, 0.00, 400.00, '2014-04-11', '', 37, 1),
(603, '0231', 1, 1, '', 3, 36, 5.00, 0.00, '2014-04-11', '', 3, 1),
(604, '0231', 1, 1, '', 3, 36, 0.00, 5.00, '2014-04-11', '', 36, 1),
(605, '0232', 1, 1, '', 3, 37, 200.00, 0.00, '2014-04-11', '', 3, 1),
(606, '0232', 1, 1, '', 3, 37, 0.00, 200.00, '2014-04-11', '', 37, 1),
(607, '0233', 1, 1, '', 3, 37, 200.00, 0.00, '2014-04-11', '', 3, 1),
(608, '0233', 1, 1, '', 3, 37, 0.00, 200.00, '2014-04-11', '', 37, 1),
(609, '0234', 1, 1, '', 3, 37, 400.00, 0.00, '2014-04-11', '', 3, 1),
(610, '0234', 1, 1, '', 3, 37, 0.00, 400.00, '2014-04-11', '', 37, 1),
(611, '0235', 1, 1, '', 3, 36, 5.00, 0.00, '2014-04-21', '', 3, 1),
(612, '0235', 1, 1, '', 3, 36, 0.00, 5.00, '2014-04-21', '', 36, 1),
(613, '0236', 1, 1, '', 3, 36, 5.00, 0.00, '2014-04-21', '', 3, 1),
(614, '0236', 1, 1, '', 3, 36, 0.00, 5.00, '2014-04-21', '', 36, 1),
(615, '0237', 1, 1, '', 3, 37, 200.00, 0.00, '2014-04-21', '', 3, 1),
(616, '0237', 1, 1, '', 3, 37, 0.00, 200.00, '2014-04-21', '', 37, 1),
(617, '0034', 8, 1, '', 3, 51, 101.00, 0.00, '2014-04-21', 'test', 3, 1),
(618, '0034', 8, 1, '', 3, 51, 0.00, 101.00, '2014-04-21', 'test', 51, 1),
(629, '0238', 1, 1, '', 3, 36, 10.00, 0.00, '2014-04-22', '', 3, 1),
(630, '0238', 1, 1, '', 3, 36, 0.00, 10.00, '2014-04-22', '', 36, 1),
(631, '', -1, 2, '', 0, 3, 0.00, 108200.00, '2012-04-01', '', 3, 1),
(632, '', -1, 2, '', 0, 51, 0.00, 101.00, '2012-04-01', '', 51, 1),
(633, '', -1, 2, '', 29, 0, 296223.00, 0.00, '2012-04-01', '', 29, 1),
(634, '', -1, 2, '', 66, 0, 330152.00, 0.00, '2012-04-01', '', 66, 1),
(635, '0239', 1, 1, '', 3, 69, 234.00, 0.00, '2014-04-22', '', 3, 1),
(636, '0239', 1, 1, '', 3, 69, 0.00, 234.00, '2014-04-22', '', 69, 1),
(637, '0240', 1, 1, '', 3, 37, 200.00, 0.00, '2014-04-22', '', 3, 1),
(638, '0240', 1, 1, '', 3, 37, 0.00, 200.00, '2014-04-22', '', 37, 1),
(639, '0241', 1, 1, '', 3, 37, 200.00, 0.00, '2014-04-23', '', 3, 1),
(640, '0241', 1, 1, '', 3, 37, 0.00, 200.00, '2014-04-23', '', 37, 1),
(641, '0242', 1, 1, '', 3, 37, 200.00, 0.00, '2014-04-23', '', 3, 1),
(642, '0242', 1, 1, '', 3, 37, 0.00, 200.00, '2014-04-23', '', 37, 1),
(643, '0243', 1, 1, '', 3, 37, 200.00, 0.00, '2014-04-23', '', 3, 1),
(644, '0243', 1, 1, '', 3, 37, 0.00, 200.00, '2014-04-23', '', 37, 1),
(645, '0244', 1, 1, '', 3, 37, 200.00, 0.00, '2014-04-23', '', 3, 1),
(646, '0244', 1, 1, '', 3, 37, 0.00, 200.00, '2014-04-23', '', 37, 1),
(647, '0245', 1, 1, '', 3, 37, 200.00, 0.00, '2014-04-23', '', 3, 1),
(648, '0245', 1, 1, '', 3, 37, 0.00, 200.00, '2014-04-23', '', 37, 1),
(649, '0246', 1, 1, '', 3, 37, 200.00, 0.00, '2014-04-23', '', 3, 1),
(650, '0246', 1, 1, '', 3, 37, 0.00, 200.00, '2014-04-23', '', 37, 1),
(651, '0247', 1, 1, '', 3, 37, 200.00, 0.00, '2014-04-23', '', 3, 1),
(652, '0247', 1, 1, '', 3, 37, 0.00, 200.00, '2014-04-23', '', 37, 1),
(653, '0248', 1, 1, '', 3, 80, 240.00, 0.00, '2014-04-23', '', 3, 1),
(654, '0248', 1, 1, '', 3, 80, 0.00, 240.00, '2014-04-23', '', 80, 1),
(655, '0249', 1, 1, '', 3, 36, 10.00, 0.00, '2014-04-23', '', 3, 1),
(656, '0249', 1, 1, '', 3, 36, 0.00, 10.00, '2014-04-23', '', 36, 1),
(657, '0250', 1, 1, '', 3, 37, 200.00, 0.00, '2014-04-23', '', 3, 1),
(658, '0250', 1, 1, '', 3, 37, 0.00, 200.00, '2014-04-23', '', 37, 1),
(659, '', -1, 3, '', 0, 3, 0.00, 105916.00, '2013-04-01', '', 3, 1),
(660, '', -1, 3, '', 0, 51, 0.00, 101.00, '2013-04-01', '', 51, 1),
(661, '', -1, 3, '', 29, 0, 296223.00, 0.00, '2013-04-01', '', 29, 1),
(662, '', -1, 3, '', 66, 0, 332436.00, 0.00, '2013-04-01', '', 66, 1),
(663, '', -1, 4, '', 0, 3, 0.00, 105916.00, '2014-04-01', '', 3, 1),
(664, '', -1, 4, '', 0, 51, 0.00, 101.00, '2014-04-01', '', 51, 1),
(665, '', -1, 4, '', 29, 0, 296223.00, 0.00, '2014-04-01', '', 29, 1),
(666, '', -1, 4, '', 66, 0, 332436.00, 0.00, '2014-04-01', '', 66, 1),
(667, '', -1, 4, '', 66, 0, 0.00, 0.00, '2014-04-01', '', 66, 1),
(668, '', -1, 4, '', 66, 0, 0.00, 0.00, '2014-04-01', '', 66, 1),
(669, '', -1, 4, '', 66, 0, 0.00, 0.00, '2014-04-01', '', 66, 1),
(670, '', -1, 4, '', 66, 0, 0.00, 0.00, '2014-04-01', '', 66, 1),
(671, '', -1, 2, '', 0, 3, 0.00, 105916.00, '2012-04-01', '', 3, 1),
(672, '', -1, 2, '', 0, 51, 0.00, 101.00, '2012-04-01', '', 51, 1),
(673, '', -1, 2, '', 29, 0, 296223.00, 0.00, '2012-04-01', '', 29, 1),
(674, '', -1, 2, '', 66, 0, 332436.00, 0.00, '2012-04-01', '', 66, 1),
(675, '', -1, 2, '', 0, 3, 0.00, 214116.00, '2012-04-01', '', 3, 1),
(676, '', -1, 2, '', 0, 51, 0.00, 202.00, '2012-04-01', '', 51, 1),
(677, '', -1, 2, '', 29, 0, 592446.00, 0.00, '2012-04-01', '', 29, 1),
(678, '', -1, 2, '', 66, 0, 662588.00, 0.00, '2012-04-01', '', 66, 1),
(679, '', -1, 2, '', 66, 0, 0.00, 0.00, '2012-04-01', '', 66, 1),
(680, '', -1, 2, '', 0, 3, 0.00, 105916.00, '2012-04-01', '', 3, 1),
(681, '', -1, 2, '', 0, 51, 0.00, 101.00, '2012-04-01', '', 51, 1),
(682, '', -1, 2, '', 29, 0, 296223.00, 0.00, '2012-04-01', '', 29, 1),
(683, '', -1, 2, '', 66, 0, 332436.00, 0.00, '2012-04-01', '', 66, 1),
(684, '', -1, 3, '', 0, 3, 0.00, 534148.00, '2013-04-01', '', 3, 1),
(685, '', -1, 3, '', 0, 51, 0.00, 505.00, '2013-04-01', '', 51, 1),
(686, '', -1, 3, '', 29, 0, 1481115.00, 0.00, '2013-04-01', '', 29, 1),
(687, '', -1, 3, '', 66, 0, 1657612.00, 0.00, '2013-04-01', '', 66, 1),
(688, '', -1, 3, '', 66, 0, 0.00, 0.00, '2013-04-01', '', 66, 1),
(689, '', -1, 3, '', 66, 0, 0.00, 0.00, '2013-04-01', '', 66, 1),
(690, '', -1, 3, '', 66, 0, 0.00, 0.00, '2013-04-01', '', 66, 1),
(691, '', -1, 3, '', 66, 0, 0.00, 0.00, '2013-04-01', '', 66, 1),
(692, '', -1, 3, '', 66, 0, 0.00, 0.00, '2013-04-01', '', 66, 1),
(693, '', -1, 2, '', 0, 3, 0.00, 105916.00, '2012-04-01', '', 3, 1),
(694, '', -1, 2, '', 0, 51, 0.00, 101.00, '2012-04-01', '', 51, 1),
(695, '', -1, 2, '', 29, 0, 296223.00, 0.00, '2012-04-01', '', 29, 1),
(696, '', -1, 2, '', 66, 0, 332436.00, 0.00, '2012-04-01', '', 66, 1),
(697, '', -1, 3, '', 0, 3, 0.00, 640064.00, '2013-04-01', '', 3, 1),
(698, '', -1, 3, '', 0, 51, 0.00, 606.00, '2013-04-01', '', 51, 1),
(699, '', -1, 3, '', 29, 0, 1777338.00, 0.00, '2013-04-01', '', 29, 1),
(700, '', -1, 3, '', 66, 0, 1990048.00, 0.00, '2013-04-01', '', 66, 1),
(701, '', -1, 3, '', 66, 0, 0.00, 0.00, '2013-04-01', '', 66, 1),
(702, '', -1, 2, '', 0, 3, 0.00, 105916.00, '2012-04-01', '', 3, 1),
(703, '', -1, 2, '', 0, 51, 0.00, 101.00, '2012-04-01', '', 51, 1),
(704, '', -1, 2, '', 29, 0, 296223.00, 0.00, '2012-04-01', '', 29, 1),
(705, '', -1, 2, '', 66, 0, 332436.00, 0.00, '2012-04-01', '', 66, 1),
(706, '', -1, 3, '', 0, 3, 0.00, 745980.00, '2013-04-01', '', 3, 1),
(707, '', -1, 3, '', 0, 51, 0.00, 707.00, '2013-04-01', '', 51, 1),
(708, '', -1, 3, '', 29, 0, 2073561.00, 0.00, '2013-04-01', '', 29, 1),
(709, '', -1, 3, '', 66, 0, 2322484.00, 0.00, '2013-04-01', '', 66, 1),
(710, '', -1, 3, '', 66, 0, 0.00, 0.00, '2013-04-01', '', 66, 1),
(711, '', -1, 3, '', 0, 3, 0.00, 2026108.00, '2013-04-01', '', 3, 1),
(712, '', -1, 3, '', 0, 51, 0.00, 1919.00, '2013-04-01', '', 51, 1),
(713, '', -1, 3, '', 29, 0, 5628237.00, 0.00, '2013-04-01', '', 29, 1),
(714, '', -1, 3, '', 66, 0, 6302580.00, 0.00, '2013-04-01', '', 66, 1),
(715, '', -1, 3, '', 66, 0, 0.00, 0.00, '2013-04-01', '', 66, 1),
(716, '', -1, 2, '', 0, 3, 0.00, 105916.00, '2012-04-01', '', 3, 1),
(717, '', -1, 2, '', 0, 51, 0.00, 101.00, '2012-04-01', '', 51, 1),
(718, '', -1, 2, '', 29, 0, 296223.00, 0.00, '2012-04-01', '', 29, 1),
(719, '', -1, 2, '', 66, 0, 332436.00, 0.00, '2012-04-01', '', 66, 1),
(720, '', -1, 2, '', 0, 3, 0.00, 105916.00, '2012-04-01', '', 3, 1),
(721, '', -1, 2, '', 0, 51, 0.00, 101.00, '2012-04-01', '', 51, 1),
(722, '', -1, 2, '', 29, 0, 296223.00, 0.00, '2012-04-01', '', 29, 1),
(723, '', -1, 2, '', 66, 0, 332436.00, 0.00, '2012-04-01', '', 66, 1),
(724, '', -1, 2, '', 0, 3, 0.00, 105916.00, '2012-04-01', '', 3, 1),
(725, '', -1, 2, '', 0, 51, 0.00, 101.00, '2012-04-01', '', 51, 1),
(726, '', -1, 2, '', 29, 0, 296223.00, 0.00, '2012-04-01', '', 29, 1),
(727, '', -1, 2, '', 66, 0, 332436.00, 0.00, '2012-04-01', '', 66, 1),
(728, '', -1, 2, '', 0, 3, 0.00, 105916.00, '2012-04-01', '', 3, 1),
(729, '', -1, 2, '', 0, 51, 0.00, 101.00, '2012-04-01', '', 51, 1),
(730, '', -1, 2, '', 29, 0, 296223.00, 0.00, '2012-04-01', '', 29, 1),
(731, '', -1, 2, '', 66, 0, 332436.00, 0.00, '2012-04-01', '', 66, 1),
(732, '', -1, 2, '', 66, 0, 0.00, 0.00, '2012-04-01', '', 66, 1),
(733, '', -1, 2, '', 66, 0, 0.00, 0.00, '2012-04-01', '', 66, 1),
(734, '', -1, 3, '', 0, 3, 0.00, 1169644.00, '2013-04-01', '', 3, 1),
(735, '', -1, 3, '', 0, 51, 0.00, 1111.00, '2013-04-01', '', 51, 1),
(736, '', -1, 3, '', 29, 0, 3258453.00, 0.00, '2013-04-01', '', 29, 1),
(737, '', -1, 3, '', 66, 0, 3652228.00, 0.00, '2013-04-01', '', 66, 1),
(738, '', -1, 3, '', 66, 0, 0.00, 0.00, '2013-04-01', '', 66, 1),
(739, '', -1, 4, '', 0, 3, 0.00, 5221860.00, '2014-04-01', '', 3, 1),
(740, '', -1, 4, '', 0, 51, 0.00, 4949.00, '2014-04-01', '', 51, 1),
(741, '', -1, 4, '', 29, 0, 14514927.00, 0.00, '2014-04-01', '', 29, 1),
(742, '', -1, 4, '', 66, 0, 16257388.00, 0.00, '2014-04-01', '', 66, 1),
(743, '', -1, 4, '', 66, 0, 0.00, 0.00, '2014-04-01', '', 66, 1),
(744, '', -1, 5, '', 66, 0, 0.00, 0.00, '2015-04-01', '', 66, 1),
(745, '', -1, 2, '', 66, 0, 0.00, 0.00, '2012-04-01', '', 66, 1),
(746, '', -1, 3, '', 0, 3, 0.00, 1169644.00, '2013-04-01', '', 3, 1),
(747, '', -1, 3, '', 0, 51, 0.00, 1111.00, '2013-04-01', '', 51, 1),
(748, '', -1, 3, '', 29, 0, 3258453.00, 0.00, '2013-04-01', '', 29, 1),
(749, '', -1, 3, '', 66, 0, 3652228.00, 0.00, '2013-04-01', '', 66, 1),
(750, '', -1, 3, '', 66, 0, 0.00, 0.00, '2013-04-01', '', 66, 1),
(751, '', -1, 4, '', 0, 3, 0.00, 6391504.00, '2014-04-01', '', 3, 1),
(752, '', -1, 4, '', 0, 51, 0.00, 6060.00, '2014-04-01', '', 51, 1),
(753, '', -1, 4, '', 29, 0, 17773380.00, 0.00, '2014-04-01', '', 29, 1),
(754, '', -1, 4, '', 66, 0, 19909616.00, 0.00, '2014-04-01', '', 66, 1),
(755, '', -1, 4, '', 66, 0, 0.00, 0.00, '2014-04-01', '', 66, 1),
(756, '', -1, 5, '', 66, 0, 0.00, 0.00, '2015-04-01', '', 66, 1),
(757, '', -1, 2, '', 0, 3, 0.00, 105916.00, '2012-04-01', '', 3, 1),
(758, '', -1, 2, '', 0, 51, 0.00, 101.00, '2012-04-01', '', 51, 1),
(759, '', -1, 2, '', 29, 0, 296223.00, 0.00, '2012-04-01', '', 29, 1),
(760, '', -1, 2, '', 66, 0, 332436.00, 0.00, '2012-04-01', '', 66, 1),
(761, '', -1, 3, '', 0, 3, 0.00, 1275560.00, '2013-04-01', '', 3, 1),
(762, '', -1, 3, '', 0, 51, 0.00, 1212.00, '2013-04-01', '', 51, 1),
(763, '', -1, 3, '', 29, 0, 3554676.00, 0.00, '2013-04-01', '', 29, 1),
(764, '', -1, 3, '', 66, 0, 3984664.00, 0.00, '2013-04-01', '', 66, 1),
(765, '', -1, 3, '', 66, 0, 0.00, 0.00, '2013-04-01', '', 66, 1),
(766, '', -1, 4, '', 0, 3, 0.00, 7667064.00, '2014-04-01', '', 3, 1),
(767, '', -1, 4, '', 0, 51, 0.00, 7272.00, '2014-04-01', '', 51, 1),
(768, '', -1, 4, '', 29, 0, 21328056.00, 0.00, '2014-04-01', '', 29, 1),
(769, '', -1, 4, '', 66, 0, 23894280.00, 0.00, '2014-04-01', '', 66, 1),
(770, '', -1, 4, '', 66, 0, 0.00, 0.00, '2014-04-01', '', 66, 1),
(771, '', -1, 4, '', 0, 3, 0.00, 19386344.00, '2014-04-01', '', 3, 1),
(772, '', -1, 4, '', 0, 51, 0.00, 18382.00, '2014-04-01', '', 51, 1),
(773, '', -1, 4, '', 29, 0, 53912586.00, 0.00, '2014-04-01', '', 29, 1),
(774, '', -1, 4, '', 66, 0, 60393720.00, 0.00, '2014-04-01', '', 66, 1),
(775, '', -1, 4, '', 66, 0, 0.00, 0.00, '2014-04-01', '', 66, 1);
INSERT INTO `account_master` (`account_id`, `voucher_number`, `voucher_type_id`, `fy_id`, `reference_number`, `account_from`, `account_to`, `account_debit`, `account_credit`, `date`, `narration`, `ref_ledger`, `deleted`) VALUES
(776, '', -1, 2, '', 0, 3, 0.00, 105916.00, '2012-04-01', '', 3, 1),
(777, '', -1, 2, '', 0, 51, 0.00, 101.00, '2012-04-01', '', 51, 1),
(778, '', -1, 2, '', 29, 0, 296223.00, 0.00, '2012-04-01', '', 29, 1),
(779, '', -1, 2, '', 66, 0, 332436.00, 0.00, '2012-04-01', '', 66, 1),
(780, '', -1, 3, '', 0, 3, 0.00, 1381476.00, '2013-04-01', '', 3, 1),
(781, '', -1, 3, '', 0, 51, 0.00, 1313.00, '2013-04-01', '', 51, 1),
(782, '', -1, 3, '', 29, 0, 3850899.00, 0.00, '2013-04-01', '', 29, 1),
(783, '', -1, 3, '', 66, 0, 4317100.00, 0.00, '2013-04-01', '', 66, 1),
(784, '', -1, 3, '', 66, 0, 0.00, 0.00, '2013-04-01', '', 66, 1),
(785, '', -1, 3, '', 0, 3, 0.00, 9048540.00, '2013-04-01', '', 3, 1),
(786, '', -1, 3, '', 0, 51, 0.00, 8585.00, '2013-04-01', '', 51, 1),
(787, '', -1, 3, '', 29, 0, 25178955.00, 0.00, '2013-04-01', '', 29, 1),
(788, '', -1, 3, '', 66, 0, 28211380.00, 0.00, '2013-04-01', '', 66, 1),
(789, '', -1, 3, '', 66, 0, 0.00, 0.00, '2013-04-01', '', 66, 1),
(790, '', -1, 3, '', 0, 3, 0.00, 36194160.00, '2013-04-01', '', 3, 1),
(791, '', -1, 3, '', 0, 51, 0.00, 34340.00, '2013-04-01', '', 51, 1),
(792, '', -1, 3, '', 29, 0, 100715820.00, 0.00, '2013-04-01', '', 29, 1),
(793, '', -1, 3, '', 66, 0, 112845520.00, 0.00, '2013-04-01', '', 66, 1),
(794, '', -1, 3, '', 66, 0, 0.00, 0.00, '2013-04-01', '', 66, 1),
(795, '', -1, 3, '', 0, 3, 0.00, 162873720.00, '2013-04-01', '', 3, 1),
(796, '', -1, 3, '', 0, 51, 0.00, 154530.00, '2013-04-01', '', 51, 1),
(797, '', -1, 3, '', 29, 0, 453221190.00, 0.00, '2013-04-01', '', 29, 1),
(798, '', -1, 3, '', 66, 0, 507804840.00, 0.00, '2013-04-01', '', 66, 1),
(799, '', -1, 3, '', 66, 0, 0.00, 0.00, '2013-04-01', '', 66, 1),
(800, '', -1, 4, '', 0, 3, 0.00, 868659840.00, '2014-04-01', '', 3, 1),
(801, '', -1, 4, '', 0, 51, 0.00, 824160.00, '2014-04-01', '', 51, 1),
(802, '', -1, 4, '', 29, 0, 2417179680.00, 0.00, '2014-04-01', '', 29, 1),
(803, '', -1, 4, '', 66, 0, 2708292480.00, 0.00, '2014-04-01', '', 66, 1),
(804, '', -1, 4, '', 66, 0, 0.00, 0.00, '2014-04-01', '', 66, 1),
(805, '', -1, 2, '', 0, 3, 0.00, 105916.00, '2012-04-01', '', 3, 1),
(806, '', -1, 2, '', 0, 51, 0.00, 101.00, '2012-04-01', '', 51, 1),
(807, '', -1, 2, '', 29, 0, 296223.00, 0.00, '2012-04-01', '', 29, 1),
(808, '', -1, 2, '', 66, 0, 332436.00, 0.00, '2012-04-01', '', 66, 1),
(809, '', -1, 3, '', 0, 3, 0.00, 1487392.00, '2013-04-01', '', 3, 1),
(810, '', -1, 3, '', 0, 51, 0.00, 1414.00, '2013-04-01', '', 51, 1),
(811, '', -1, 3, '', 29, 0, 4147122.00, 0.00, '2013-04-01', '', 29, 1),
(812, '', -1, 3, '', 66, 0, 4649536.00, 0.00, '2013-04-01', '', 66, 1),
(813, '', -1, 3, '', 66, 0, 0.00, 0.00, '2013-04-01', '', 66, 1),
(814, '', -1, 4, '', 0, 3, 0.00, 105916.00, '2014-04-01', '', 3, 1),
(815, '', -1, 4, '', 0, 51, 0.00, 101.00, '2014-04-01', '', 51, 1),
(816, '', -1, 4, '', 29, 0, 296223.00, 0.00, '2014-04-01', '', 29, 1),
(817, '', -1, 4, '', 66, 0, 332436.00, 0.00, '2014-04-01', '', 66, 1),
(818, '0251', 1, 4, '', 3, 37, 200.00, 0.00, '2014-04-24', '', 3, 1),
(819, '0251', 1, 4, '', 3, 37, 0.00, 200.00, '2014-04-24', '', 37, 1),
(820, '0252', 1, 4, '', 3, 36, 15.00, 0.00, '2014-04-24', '', 3, 1),
(821, '0252', 1, 4, '', 3, 36, 0.00, 15.00, '2014-04-24', '', 36, 1),
(822, '0001', 268, 4, '', 3, 41, 2000.00, 0.00, '2014-04-24', '', 3, 1),
(823, '0001', 268, 4, '', 3, 41, 0.00, 2000.00, '2014-04-24', '', 41, 1),
(824, '0253', 1, 4, '', 3, 69, 234.00, 0.00, '2014-04-24', '', 3, 1),
(825, '0253', 1, 4, '', 3, 69, 0.00, 234.00, '2014-04-24', '', 69, 1);

-- --------------------------------------------------------

--
-- Table structure for table `account_settings`
--

CREATE TABLE IF NOT EXISTS `account_settings` (
  `id` int(11) NOT NULL AUTO_INCREMENT,
  `current_fy_id` int(11) NOT NULL,
  `default_capital` int(11) DEFAULT NULL,
  `organization_name` text,
  `organization_address` text,
  `tax_payers_id_no` text,
  `central_sales_tax_reg_no` text,
  `central_exise_reg_no` text,
  `reg_no` text NOT NULL,
  PRIMARY KEY (`id`)
) ENGINE=InnoDB  DEFAULT CHARSET=utf8 AUTO_INCREMENT=2 ;

--
-- Dumping data for table `account_settings`
--

INSERT INTO `account_settings` (`id`, `current_fy_id`, `default_capital`, `organization_name`, `organization_address`, `tax_payers_id_no`, `central_sales_tax_reg_no`, `central_exise_reg_no`, `reg_no`) VALUES
(1, 4, 66, 'Sree Hariharasudha Ayyapa Temple', 'Ernakulam', '', '', '', '');

-- --------------------------------------------------------

--
-- Table structure for table `ac_books`
--

CREATE TABLE IF NOT EXISTS `ac_books` (
  `id` int(11) NOT NULL AUTO_INCREMENT,
  `name` varchar(125) NOT NULL,
  `ledgers` text NOT NULL,
  PRIMARY KEY (`id`)
) ENGINE=InnoDB  DEFAULT CHARSET=utf8 AUTO_INCREMENT=4 ;

--
-- Dumping data for table `ac_books`
--

INSERT INTO `ac_books` (`id`, `name`, `ledgers`) VALUES
(1, 'Bank Book', 'a:1:{i:0;s:2:"29";}'),
(2, 'Cash Book', 'a:1:{i:0;s:1:"3";}'),
(3, 'Day Book', 'a:2:{i:0;s:1:"1";i:1;s:1:"3";}');

-- --------------------------------------------------------

--
-- Table structure for table `administrators`
--

CREATE TABLE IF NOT EXISTS `administrators` (
  `id` int(11) NOT NULL AUTO_INCREMENT,
  `username` varchar(255) COLLATE utf8_unicode_ci NOT NULL,
  `password` varchar(255) COLLATE utf8_unicode_ci NOT NULL,
  `emailid` text COLLATE utf8_unicode_ci,
  `registrationdate` datetime DEFAULT NULL,
  `lastlogin` datetime DEFAULT NULL,
  `image` text COLLATE utf8_unicode_ci,
  `securityquestion_id` int(11) DEFAULT NULL,
  `answer` text COLLATE utf8_unicode_ci,
  `created` datetime NOT NULL,
  `updated` datetime DEFAULT NULL,
  `record_user_id` int(11) DEFAULT NULL,
  PRIMARY KEY (`id`),
  UNIQUE KEY `username` (`username`),
  KEY `securityquestion_id` (`securityquestion_id`),
  KEY `record_user_id` (`record_user_id`)
) ENGINE=InnoDB  DEFAULT CHARSET=utf8 COLLATE=utf8_unicode_ci AUTO_INCREMENT=2 ;

--
-- Dumping data for table `administrators`
--

INSERT INTO `administrators` (`id`, `username`, `password`, `emailid`, `registrationdate`, `lastlogin`, `image`, `securityquestion_id`, `answer`, `created`, `updated`, `record_user_id`) VALUES
(1, 'admin', '21232f297a57a5a743894a0e4a801fc3', 'rosy.swapna@acube.co', NULL, '2014-03-22 12:00:53', NULL, NULL, NULL, '2013-04-22 00:00:00', NULL, NULL);

-- --------------------------------------------------------

--
-- Table structure for table `customer`
--

CREATE TABLE IF NOT EXISTS `customer` (
  `customer_id` int(11) NOT NULL AUTO_INCREMENT,
  `customer_name` varchar(250) NOT NULL,
  `customer_address` text NOT NULL,
  `customer_phone` varchar(15) NOT NULL,
  `customer_mobile` varchar(15) NOT NULL,
  `customer_fax` varchar(15) NOT NULL,
  `customer_email` varchar(50) NOT NULL,
  `customer_cst_number` varchar(50) NOT NULL,
  `customer_tin_number` varchar(50) NOT NULL,
  `ledger_sub_id` int(11) NOT NULL DEFAULT '-1',
  `deleted` tinyint(1) NOT NULL DEFAULT '1' COMMENT '2 for deleted,1 not deleted',
  PRIMARY KEY (`customer_id`)
) ENGINE=InnoDB  DEFAULT CHARSET=utf8 AUTO_INCREMENT=6 ;

--
-- Dumping data for table `customer`
--

INSERT INTO `customer` (`customer_id`, `customer_name`, `customer_address`, `customer_phone`, `customer_mobile`, `customer_fax`, `customer_email`, `customer_cst_number`, `customer_tin_number`, `ledger_sub_id`, `deleted`) VALUES
(1, 'Ravi varma', 'sdafsdf', '', '12345645', '', 'rosy.swapna@acube.co', '', '', 1, 1),
(2, 'Sagar', 'fgdfg', '5345645', '546456', '', 'rosy.swapna@gmail.com', '', '', 67, 1),
(3, 'sdfd', 'fdsfd', '234234', '3243454', '', 'ravi@test.com', '', '', 81, 2),
(4, 'test sdfsdf', 'sdfsdf', '1234234', '324235', '', 'tes22t@acube.co', '', '', 82, 1),
(5, 'dsfsd', 'sdfsdf', '3435', '4545', '', 'radsfvi@test.com', '', '', 83, 1);

-- --------------------------------------------------------

--
-- Table structure for table `form_type`
--

CREATE TABLE IF NOT EXISTS `form_type` (
  `id` int(11) NOT NULL AUTO_INCREMENT,
  `value` varchar(15) NOT NULL,
  `form_variables` varchar(250) NOT NULL,
  PRIMARY KEY (`id`)
) ENGINE=InnoDB  DEFAULT CHARSET=utf8 AUTO_INCREMENT=4 ;

--
-- Dumping data for table `form_type`
--

INSERT INTO `form_type` (`id`, `value`, `form_variables`) VALUES
(1, 'Form8', 'a:15:{i:0;s:1:"1";i:1;s:1:"2";i:2;s:1:"4";i:3;s:1:"5";i:4;s:1:"6";i:5;s:1:"7";i:6;s:1:"8";i:7;s:1:"9";i:8;s:2:"10";i:9;s:2:"11";i:10;s:2:"12";i:11;s:2:"13";i:12;s:2:"14";i:13;s:2:"15";i:14;s:2:"16";}'),
(2, 'Form8B', 'a:11:{i:0;s:1:"1";i:1;s:1:"3";i:2;s:1:"4";i:3;s:1:"6";i:4;s:1:"7";i:5;s:1:"8";i:6;s:2:"11";i:7;s:2:"12";i:8;s:2:"13";i:9;s:2:"14";i:10;s:2:"15";}'),
(3, 'Form8C', 'a:3:{i:0;s:1:"1";i:1;s:1:"2";i:2;s:1:"3";}');

-- --------------------------------------------------------

--
-- Table structure for table `form_variables`
--

CREATE TABLE IF NOT EXISTS `form_variables` (
  `id` int(11) NOT NULL AUTO_INCREMENT,
  `description` varchar(50) NOT NULL,
  PRIMARY KEY (`id`)
) ENGINE=InnoDB  DEFAULT CHARSET=utf8 AUTO_INCREMENT=17 ;

--
-- Dumping data for table `form_variables`
--

INSERT INTO `form_variables` (`id`, `description`) VALUES
(1, 'SlNo'),
(2, 'Schl with entry No.'),
(3, 'Commodity Code'),
(4, 'Commodity'),
(5, 'HSN Code'),
(6, 'Rate of Tax'),
(7, 'Unit Price'),
(8, 'Qty'),
(9, 'Value'),
(10, 'Excise Duty'),
(11, 'Gross Value'),
(12, 'Cash discount'),
(13, 'Net Taxable Value'),
(14, 'Tax in %'),
(15, 'Total'),
(16, 'Qty discount/gifts free etc.');

-- --------------------------------------------------------

--
-- Table structure for table `fy_ledger_sub`
--

CREATE TABLE IF NOT EXISTS `fy_ledger_sub` (
  `fy_id` int(11) NOT NULL,
  `ledger_sub_id` int(11) NOT NULL,
  KEY `fy_id` (`fy_id`,`ledger_sub_id`)
) ENGINE=InnoDB DEFAULT CHARSET=utf8;

--
-- Dumping data for table `fy_ledger_sub`
--

INSERT INTO `fy_ledger_sub` (`fy_id`, `ledger_sub_id`) VALUES
(1, 1),
(1, 2),
(1, 3),
(1, 4),
(1, 5),
(1, 6),
(1, 7),
(1, 8),
(1, 9),
(1, 10),
(1, 11),
(1, 13),
(1, 14),
(1, 15),
(1, 16),
(1, 17),
(1, 18),
(1, 19),
(1, 20),
(1, 21),
(1, 22),
(1, 23),
(1, 24),
(1, 25),
(1, 26),
(1, 27),
(1, 28),
(1, 29),
(1, 30),
(1, 31),
(1, 32),
(1, 36),
(1, 37),
(1, 38),
(1, 39),
(1, 40),
(1, 41),
(1, 42),
(1, 43),
(1, 44),
(1, 45),
(1, 46),
(1, 51),
(1, 60),
(1, 61),
(1, 62),
(1, 64),
(1, 66),
(1, 67),
(1, 68),
(1, 69),
(1, 71),
(1, 72),
(1, 73),
(1, 74),
(1, 75),
(1, 76),
(1, 77),
(1, 78),
(1, 79),
(1, 80),
(1, 81),
(1, 82),
(1, 83),
(2, 2),
(2, 3),
(2, 4),
(2, 5),
(2, 6),
(2, 7),
(2, 8),
(2, 9),
(2, 10),
(2, 11),
(2, 12),
(2, 13),
(2, 14),
(2, 15),
(2, 16),
(2, 17),
(2, 18),
(2, 19),
(2, 20),
(2, 21),
(2, 22),
(2, 23),
(2, 24),
(2, 25),
(2, 26),
(2, 27),
(2, 28),
(2, 29),
(2, 30),
(2, 31),
(2, 32),
(2, 36),
(2, 37),
(2, 38),
(2, 39),
(2, 40),
(2, 41),
(2, 42),
(2, 43),
(2, 44),
(2, 45),
(2, 46),
(2, 51),
(2, 60),
(2, 61),
(2, 62),
(2, 63),
(2, 64),
(2, 65),
(2, 66),
(2, 67),
(2, 68),
(2, 69),
(2, 78),
(2, 79),
(2, 80),
(2, 81),
(2, 82),
(2, 83),
(3, 2),
(3, 3),
(3, 4),
(3, 5),
(3, 6),
(3, 7),
(3, 8),
(3, 9),
(3, 10),
(3, 11),
(3, 12),
(3, 13),
(3, 14),
(3, 15),
(3, 16),
(3, 17),
(3, 18),
(3, 19),
(3, 20),
(3, 21),
(3, 22),
(3, 23),
(3, 24),
(3, 25),
(3, 26),
(3, 27),
(3, 28),
(3, 29),
(3, 30),
(3, 31),
(3, 32),
(3, 36),
(3, 37),
(3, 38),
(3, 39),
(3, 40),
(3, 41),
(3, 42),
(3, 43),
(3, 44),
(3, 45),
(3, 46),
(3, 51),
(3, 60),
(3, 61),
(3, 62),
(3, 63),
(3, 64),
(3, 65),
(3, 66),
(3, 67),
(3, 68),
(3, 69),
(3, 78),
(3, 79),
(3, 80),
(3, 81),
(3, 82),
(3, 83),
(4, 2),
(4, 3),
(4, 4),
(4, 5),
(4, 6),
(4, 7),
(4, 8),
(4, 9),
(4, 10),
(4, 11),
(4, 12),
(4, 13),
(4, 14),
(4, 15),
(4, 16),
(4, 17),
(4, 18),
(4, 19),
(4, 20),
(4, 21),
(4, 22),
(4, 23),
(4, 24),
(4, 25),
(4, 26),
(4, 27),
(4, 28),
(4, 29),
(4, 30),
(4, 31),
(4, 32),
(4, 36),
(4, 37),
(4, 38),
(4, 39),
(4, 40),
(4, 41),
(4, 42),
(4, 43),
(4, 44),
(4, 45),
(4, 46),
(4, 51),
(4, 60),
(4, 61),
(4, 62),
(4, 63),
(4, 64),
(4, 65),
(4, 66),
(4, 67),
(4, 68),
(4, 69),
(4, 78),
(4, 79),
(4, 80),
(4, 81),
(4, 82),
(4, 83);

-- --------------------------------------------------------

--
-- Table structure for table `fy_master`
--

CREATE TABLE IF NOT EXISTS `fy_master` (
  `fy_id` int(11) NOT NULL AUTO_INCREMENT,
  `fy_name` varchar(125) NOT NULL,
  `fy_start` date NOT NULL,
  `fy_end` date NOT NULL,
  `status` tinyint(1) NOT NULL DEFAULT '0' COMMENT '1for open and 0 for closed',
  PRIMARY KEY (`fy_id`)
) ENGINE=InnoDB  DEFAULT CHARSET=utf8 AUTO_INCREMENT=6 ;

--
-- Dumping data for table `fy_master`
--

INSERT INTO `fy_master` (`fy_id`, `fy_name`, `fy_start`, `fy_end`, `status`) VALUES
(1, '2011-2012', '2011-04-01', '2012-03-31', 0),
(2, '2012-2013', '2012-04-01', '2013-03-31', 0),
(3, '2013-2014', '2013-04-01', '2014-03-31', 0),
(4, '2014-2015', '2014-04-01', '2015-03-31', 1),
(5, '2015-2016', '2015-04-01', '2016-03-31', 1);

-- --------------------------------------------------------

--
-- Table structure for table `ledger_master`
--

CREATE TABLE IF NOT EXISTS `ledger_master` (
  `ledger_id` int(11) NOT NULL AUTO_INCREMENT,
  `ledger_name` varchar(100) NOT NULL,
  PRIMARY KEY (`ledger_id`)
) ENGINE=MyISAM  DEFAULT CHARSET=utf8 AUTO_INCREMENT=95 ;

--
-- Dumping data for table `ledger_master`
--

INSERT INTO `ledger_master` (`ledger_id`, `ledger_name`) VALUES
(1, 'Bank Accounts'),
(2, 'Bank OCC A/C'),
(3, 'Bank OD A/C'),
(4, 'Branch/ Divisions'),
(5, 'Capital Account'),
(6, 'Cash-In-Hand'),
(7, 'Current Assets'),
(8, 'Current Liabilities'),
(9, 'Deposits (Asset)'),
(10, 'Direct Expenses'),
(11, 'Direct Incomes'),
(12, 'Duties & Taxes'),
(13, 'Expenses (Direct)'),
(14, 'Expenses (Indirect)'),
(15, 'Fixed Assets'),
(16, 'Income (Direct)'),
(17, 'Income (Indirect)'),
(18, 'Indirect Incomes'),
(19, 'Indirect Expenses'),
(20, 'Investments'),
(21, 'Loans and Advances (Asset)'),
(22, 'Loans (Liability)'),
(23, 'Misc Expense (Asset)'),
(24, 'Provisions'),
(25, 'Purchase Accounts'),
(26, 'Reserve And Surplus'),
(27, 'Retained Earinies'),
(28, 'Sales Accounts'),
(29, 'Secured Loans'),
(30, 'Stock-In-Hand'),
(31, 'Sundry Creditors'),
(32, 'Sundry Debtors'),
(33, 'Suspense Account'),
(34, 'Un-Secured Loans');

-- --------------------------------------------------------

--
-- Table structure for table `ledger_sub`
--

CREATE TABLE IF NOT EXISTS `ledger_sub` (
  `ledger_sub_id` int(11) NOT NULL AUTO_INCREMENT,
  `ledger_sub_name` text NOT NULL,
  `ledger_id` int(11) NOT NULL DEFAULT '0',
  `parent_sub_ledger_id` int(11) DEFAULT NULL,
  `fy_id` int(11) NOT NULL,
  `status` tinyint(4) NOT NULL DEFAULT '1' COMMENT '1 for active, 2 for inactive',
  `deleted` tinyint(4) NOT NULL DEFAULT '1' COMMENT '2 for deleted,1 not deleted',
  PRIMARY KEY (`ledger_sub_id`)
) ENGINE=InnoDB  DEFAULT CHARSET=utf8 AUTO_INCREMENT=84 ;

--
-- Dumping data for table `ledger_sub`
--

INSERT INTO `ledger_sub` (`ledger_sub_id`, `ledger_sub_name`, `ledger_id`, `parent_sub_ledger_id`, `fy_id`, `status`, `deleted`) VALUES
(2, '', 11, -1, 1, 1, 1),
(3, 'Cash', 6, -1, 1, 1, 1),
(4, '', 11, -1, 1, 1, 1),
(5, '', 11, -1, 1, 1, 1),
(6, '', 11, -1, 1, 1, 1),
(7, '', 11, -1, 1, 1, 1),
(8, ' ', 11, -1, 1, 1, 1),
(9, ' ', 11, -1, 1, 1, 1),
(10, '', 11, -1, 1, 1, 1),
(11, '', 11, -1, 1, 1, 1),
(12, ' ', 11, -1, 2, 1, 1),
(13, '', 11, -1, 1, 1, 1),
(14, '', 11, -1, 1, 1, 1),
(15, '', 11, -1, 1, 1, 1),
(16, '', 11, -1, 1, 1, 1),
(17, '', 11, -1, 1, 1, 1),
(18, '', 11, -1, 1, 1, 1),
(19, '', 11, -1, 1, 1, 1),
(20, '', 11, -1, 1, 1, 1),
(21, '', 11, -1, 1, 1, 1),
(22, ' ', 11, -1, 1, 1, 1),
(23, ' ', 11, -1, 1, 1, 1),
(24, '  ', 11, -1, 1, 1, 1),
(25, '', 11, -1, 1, 1, 1),
(26, '', 11, -1, 1, 1, 1),
(27, '', 11, -1, 1, 1, 1),
(28, '', 11, -1, 1, 1, 1),
(29, '  ', 1, -1, 1, 1, 1),
(30, ' + ', 10, -1, 1, 1, 1),
(31, '  + ', 10, -1, 1, 1, 1),
(32, 'Ramakrishnan', 10, 30, 1, 1, 1),
(36, '', 11, 2, 1, 1, 1),
(37, '', 11, 2, 1, 1, 1),
(38, 'Siva kumar', 10, 30, 1, 1, 1),
(39, 'Manu', 11, 4, 1, 1, 1),
(40, 'Manu', 11, 4, 1, 1, 1),
(41, 'Fees', 11, -1, 1, 1, 1),
(42, 'Fees2', 11, -1, 1, 1, 1),
(43, 'Fees3', 11, -1, 1, 1, 1),
(44, 'Fees4', 11, -1, 1, 1, 1),
(45, 'Fees5', 11, -1, 1, 1, 1),
(46, 'Fees6', 11, -1, 1, 1, 1),
(51, 'rosy swapna I J', 31, -1, 1, 1, 1),
(60, 'Narayana Shops', 32, -1, 1, 1, 1),
(61, 'Sales', 28, -1, 1, 1, 1),
(62, 'Purchase', 25, -1, 1, 1, 1),
(63, 'Siva Kumar', 10, 30, 1, 1, 1),
(64, 'parvathy', 10, 30, 1, 1, 1),
(65, 'Lakshmi', 10, 30, 1, 1, 1),
(66, 'Temple Capital Account', 5, -1, 1, 1, 1),
(67, 'Sagar', 31, -1, 1, 1, 1),
(68, 'ghdr sdf ds', 32, -1, 1, 1, 1),
(69, 'test', 11, 2, 1, 1, 1),
(78, 'Input vat @ 13.5%', 12, -1, 1, 1, 1),
(79, 'Input kvat @ 14.5%', 12, -1, 1, 1, 1),
(80, 'test pooja52', 11, 2, 1, 1, 1),
(81, 'sdfd', 31, -1, 1, 1, 1),
(82, 'test sdfsdf', 31, -1, 1, 1, 1),
(83, 'dsfsd', 31, -1, 1, 1, 1);

-- --------------------------------------------------------

--
-- Table structure for table `module`
--

CREATE TABLE IF NOT EXISTS `module` (
  `id` int(11) NOT NULL AUTO_INCREMENT,
  `name` varchar(255) COLLATE utf8_unicode_ci NOT NULL,
  PRIMARY KEY (`id`)
) ENGINE=InnoDB  DEFAULT CHARSET=utf8 COLLATE=utf8_unicode_ci AUTO_INCREMENT=2 ;

--
-- Dumping data for table `module`
--

INSERT INTO `module` (`id`, `name`) VALUES
(1, 'Vazhipadu');

-- --------------------------------------------------------

--
-- Table structure for table `pooja`
--

CREATE TABLE IF NOT EXISTS `pooja` (
  `id` int(11) NOT NULL AUTO_INCREMENT,
  `name` varchar(255) CHARACTER SET utf8 COLLATE utf8_unicode_ci NOT NULL,
  `rate` double NOT NULL,
  `ledger_sub_id` int(11) NOT NULL DEFAULT '-1',
  `status_id` int(11) NOT NULL DEFAULT '1',
  PRIMARY KEY (`id`),
  UNIQUE KEY `name` (`name`),
  KEY `status_id` (`status_id`)
) ENGINE=InnoDB  DEFAULT CHARSET=utf8 AUTO_INCREMENT=5 ;

--
-- Dumping data for table `pooja`
--

INSERT INTO `pooja` (`id`, `name`, `rate`, `ledger_sub_id`, `status_id`) VALUES
(1, '', 15, 36, 1),
(2, '', 200, 37, 1),
(3, 'test', 234, 69, 1),
(4, 'test pooja52', 120, 80, 1);

-- --------------------------------------------------------

--
-- Table structure for table `report`
--

CREATE TABLE IF NOT EXISTS `report` (
  `report_id` int(11) NOT NULL AUTO_INCREMENT,
  `report_head` varchar(250) NOT NULL,
  `lhs` tinyint(1) NOT NULL DEFAULT '2',
  `rhs` tinyint(1) NOT NULL DEFAULT '2',
  `lhs_head` varchar(125) NOT NULL,
  `rhs_head` varchar(125) NOT NULL,
  `header` text NOT NULL,
  `footer` text NOT NULL,
  `status` tinyint(4) NOT NULL DEFAULT '1' COMMENT '1 for active,2 for inactive',
  PRIMARY KEY (`report_id`)
) ENGINE=InnoDB  DEFAULT CHARSET=utf8 AUTO_INCREMENT=3 ;

--
-- Dumping data for table `report`
--

INSERT INTO `report` (`report_id`, `report_head`, `lhs`, `rhs`, `lhs_head`, `rhs_head`, `header`, `footer`, `status`) VALUES
(1, 'Income', 1, 2, 'Particulars', '', '', '', 1),
(2, 'test report head', 1, 1, 'Income', 'Expense', '', '', 1);

-- --------------------------------------------------------

--
-- Table structure for table `report_feature`
--

CREATE TABLE IF NOT EXISTS `report_feature` (
  `feature_id` int(11) NOT NULL AUTO_INCREMENT,
  `report_id` int(11) NOT NULL,
  `ledger_master_id` int(11) NOT NULL COMMENT 'master ledger id',
  `sub_ledgers` varchar(125) NOT NULL,
  `position` tinyint(4) NOT NULL DEFAULT '0' COMMENT '1 for LHS ,2 for RHS',
  `sort_order` int(11) NOT NULL,
  `status` tinyint(4) NOT NULL DEFAULT '1' COMMENT '1 for active, 2 for inactive',
  PRIMARY KEY (`feature_id`)
) ENGINE=InnoDB  DEFAULT CHARSET=utf8 AUTO_INCREMENT=27 ;

--
-- Dumping data for table `report_feature`
--

INSERT INTO `report_feature` (`feature_id`, `report_id`, `ledger_master_id`, `sub_ledgers`, `position`, `sort_order`, `status`) VALUES
(1, 1, 11, '5,6,7,8,9,10,11,13,14,15,16,17,18,19,20,21,22,23,24,25,26,27,28,36,37,39,40,41,42,43,44,45,46,69', 1, 1, 1),
(25, 2, 11, '36,37', 1, 1, 1),
(26, 2, 10, '38', 2, 1, 1);

-- --------------------------------------------------------

--
-- Table structure for table `stars`
--

CREATE TABLE IF NOT EXISTS `stars` (
  `id` int(11) NOT NULL AUTO_INCREMENT,
  `name` varchar(255) CHARACTER SET utf8 COLLATE utf8_unicode_ci NOT NULL,
  `status_id` int(10) NOT NULL DEFAULT '1',
  PRIMARY KEY (`id`),
  UNIQUE KEY `name` (`name`),
  KEY `status_id` (`status_id`)
) ENGINE=InnoDB  DEFAULT CHARSET=utf8 AUTO_INCREMENT=5 ;

--
-- Dumping data for table `stars`
--

INSERT INTO `stars` (`id`, `name`, `status_id`) VALUES
(1, '', 1),
(3, '', 1),
(4, '', 1);

-- --------------------------------------------------------

--
-- Table structure for table `statuses`
--

CREATE TABLE IF NOT EXISTS `statuses` (
  `id` int(11) NOT NULL AUTO_INCREMENT,
  `name` varchar(255) NOT NULL,
  PRIMARY KEY (`id`)
) ENGINE=InnoDB  DEFAULT CHARSET=utf8 AUTO_INCREMENT=3 ;

--
-- Dumping data for table `statuses`
--

INSERT INTO `statuses` (`id`, `name`) VALUES
(1, 'Active'),
(2, 'Inactive');

-- --------------------------------------------------------

--
-- Table structure for table `stock_master`
--

CREATE TABLE IF NOT EXISTS `stock_master` (
  `item_id` int(11) NOT NULL AUTO_INCREMENT,
  `item_name` varchar(250) NOT NULL,
  `uom_id` int(11) NOT NULL,
  `deleted` tinyint(4) NOT NULL DEFAULT '1' COMMENT '2 for deleted,1 not deleted',
  PRIMARY KEY (`item_id`)
) ENGINE=InnoDB  DEFAULT CHARSET=utf8 AUTO_INCREMENT=17 ;

--
-- Dumping data for table `stock_master`
--

INSERT INTO `stock_master` (`item_id`, `item_name`, `uom_id`, `deleted`) VALUES
(1, 'Product1', 1, 1),
(2, 'product2', 2, 1),
(3, 'product3', 3, 1),
(6, 'product4', 2, 1),
(7, 'product5', 4, 1),
(8, 'Product6', 3, 1),
(9, 'Product7', 3, 1),
(10, 'Product8', 2, 1),
(11, 'Product9', 3, 1),
(12, 'Product10', 1, 1),
(13, 'Product11', 1, 1),
(14, 'Product12', 1, 1),
(15, 'Product13', 2, 2),
(16, 'Product14', 1, 1);

-- --------------------------------------------------------

--
-- Table structure for table `stock_register`
--

CREATE TABLE IF NOT EXISTS `stock_register` (
  `stk_id` int(11) NOT NULL AUTO_INCREMENT,
  `voucher_number` varchar(125) NOT NULL,
  `voucher_type_id` int(11) NOT NULL,
  `item_id` int(11) NOT NULL,
  `quantity` int(11) NOT NULL,
  `unit_rate` double(25,2) NOT NULL,
  `input_type` varchar(50) NOT NULL COMMENT 'purchase or donation(+) and auction or delivery(-) opening(+)',
  `purchase_reference_number` varchar(125) NOT NULL,
  `date` date NOT NULL,
  `tax_id` int(11) NOT NULL DEFAULT '-1',
  `fy_id` int(11) NOT NULL DEFAULT '-1',
  PRIMARY KEY (`stk_id`)
) ENGINE=InnoDB  DEFAULT CHARSET=utf8 AUTO_INCREMENT=468 ;

--
-- Dumping data for table `stock_register`
--

INSERT INTO `stock_register` (`stk_id`, `voucher_number`, `voucher_type_id`, `item_id`, `quantity`, `unit_rate`, `input_type`, `purchase_reference_number`, `date`, `tax_id`, `fy_id`) VALUES
(1, '', -1, 6, 120, 0.00, 'Opening', '', '2013-04-01', -1, 1),
(2, '', -1, 7, 110, 0.00, 'Opening', '', '2013-04-01', -1, 1),
(3, '0001', 14, 1, 100, 100.00, 'Purchase', '', '2014-03-25', -1, 1),
(4, '0001', 13, 1, -10, 100.00, 'Sale', '', '2014-03-25', -1, 1),
(5, '', -1, 8, 15, 0.00, 'Opening', '', '2013-04-01', -1, 1),
(6, '', -1, 9, 50, 0.00, 'Opening', '', '2013-04-01', -1, 1),
(7, '0002', 13, 1, -10, 105.00, 'Sale', '', '2014-03-25', -1, 1),
(8, '0002', 14, 1, 100, 105.00, 'Purchase', '', '2014-03-25', -1, 1),
(9, '0003', 13, 1, -15, 100.00, 'Sale', '', '2014-03-25', -1, 1),
(10, '', -1, 10, 100, 100.00, 'Opening', '', '2013-04-01', -1, 1),
(11, '', -1, 11, 50, 0.00, 'Opening', '', '2013-04-01', -1, 1),
(12, '', -1, 14, 0, 15.00, 'Opening', '', '2013-04-01', -1, 1),
(13, '', -1, 15, 10, 25.00, 'Opening', '', '2013-04-01', -1, 1),
(14, '0003', 14, 1, 1, 100.00, 'Purchase', '', '2014-03-27', -1, 1),
(15, '0004', 13, 1, -10, 100.00, 'Sale', '', '2014-03-27', 1, 1),
(16, '0005', 13, 1, -1, 100.00, 'Sale', '', '2014-03-31', 1, 1),
(17, '0006', 13, 1, -1, 100.00, 'Sale', '', '2014-03-31', 1, 1),
(18, '0007', 13, 1, -1, 10.00, 'Sale', '', '2014-03-31', -1, 1),
(19, '0008', 13, 1, -1, 10.00, 'Sale', '', '2014-03-31', -1, 1),
(23, '0009', 13, 1, -1, 10.00, 'Sale', '', '2014-03-31', 0, 1),
(24, '0009', 13, 6, -1, 2.00, 'Sale', '', '2014-03-31', 0, 1),
(25, '0009', 13, 7, -1, 5.00, 'Sale', '', '2014-03-31', 0, 1),
(26, '', -1, 1, 64, 100.00, 'Opening', '', '2014-04-01', -1, 2),
(27, '', -1, 1, 90, 105.00, 'Opening', '', '2014-04-01', -1, 2),
(28, '', -1, 6, 120, 0.00, 'Opening', '', '2014-04-01', -1, 2),
(29, '', -1, 7, 110, 0.00, 'Opening', '', '2014-04-01', -1, 2),
(30, '', -1, 8, 15, 0.00, 'Opening', '', '2014-04-01', -1, 2),
(31, '', -1, 9, 50, 0.00, 'Opening', '', '2014-04-01', -1, 2),
(32, '', -1, 10, 100, 100.00, 'Opening', '', '2014-04-01', -1, 2),
(33, '', -1, 11, 50, 0.00, 'Opening', '', '2014-04-01', -1, 2),
(34, '', -1, 15, 10, 25.00, 'Opening', '', '2014-04-01', -1, 2),
(35, '', -1, 1, 64, 100.00, 'Opening', '', '2012-04-01', -1, 2),
(36, '', -1, 1, 90, 105.00, 'Opening', '', '2012-04-01', -1, 2),
(37, '', -1, 6, 120, 0.00, 'Opening', '', '2012-04-01', -1, 2),
(38, '', -1, 7, 110, 0.00, 'Opening', '', '2012-04-01', -1, 2),
(39, '', -1, 8, 15, 0.00, 'Opening', '', '2012-04-01', -1, 2),
(40, '', -1, 9, 50, 0.00, 'Opening', '', '2012-04-01', -1, 2),
(41, '', -1, 10, 100, 100.00, 'Opening', '', '2012-04-01', -1, 2),
(42, '', -1, 11, 50, 0.00, 'Opening', '', '2012-04-01', -1, 2),
(43, '', -1, 15, 10, 25.00, 'Opening', '', '2012-04-01', -1, 2),
(44, '', -1, 16, 0, 155.00, 'Opening', '', '2011-04-01', -1, 1),
(45, '', -1, 1, 128, 100.00, 'Opening', '', '2013-04-01', -1, 3),
(46, '', -1, 1, 180, 105.00, 'Opening', '', '2013-04-01', -1, 3),
(47, '', -1, 6, 240, 0.00, 'Opening', '', '2013-04-01', -1, 3),
(48, '', -1, 7, 220, 0.00, 'Opening', '', '2013-04-01', -1, 3),
(49, '', -1, 8, 30, 0.00, 'Opening', '', '2013-04-01', -1, 3),
(50, '', -1, 9, 100, 0.00, 'Opening', '', '2013-04-01', -1, 3),
(51, '', -1, 10, 200, 100.00, 'Opening', '', '2013-04-01', -1, 3),
(52, '', -1, 11, 100, 0.00, 'Opening', '', '2013-04-01', -1, 3),
(53, '', -1, 15, 20, 25.00, 'Opening', '', '2013-04-01', -1, 3),
(54, '', -1, 1, 128, 100.00, 'Opening', '', '2014-04-01', -1, 4),
(55, '', -1, 1, 180, 105.00, 'Opening', '', '2014-04-01', -1, 4),
(56, '', -1, 6, 240, 0.00, 'Opening', '', '2014-04-01', -1, 4),
(57, '', -1, 7, 220, 0.00, 'Opening', '', '2014-04-01', -1, 4),
(58, '', -1, 8, 30, 0.00, 'Opening', '', '2014-04-01', -1, 4),
(59, '', -1, 9, 100, 0.00, 'Opening', '', '2014-04-01', -1, 4),
(60, '', -1, 10, 200, 100.00, 'Opening', '', '2014-04-01', -1, 4),
(61, '', -1, 11, 100, 0.00, 'Opening', '', '2014-04-01', -1, 4),
(62, '', -1, 15, 20, 25.00, 'Opening', '', '2014-04-01', -1, 4),
(63, '', -1, 1, 128, 100.00, 'Opening', '', '2014-04-01', -1, 4),
(64, '', -1, 1, 180, 105.00, 'Opening', '', '2014-04-01', -1, 4),
(65, '', -1, 6, 240, 0.00, 'Opening', '', '2014-04-01', -1, 4),
(66, '', -1, 7, 220, 0.00, 'Opening', '', '2014-04-01', -1, 4),
(67, '', -1, 8, 30, 0.00, 'Opening', '', '2014-04-01', -1, 4),
(68, '', -1, 9, 100, 0.00, 'Opening', '', '2014-04-01', -1, 4),
(69, '', -1, 10, 200, 100.00, 'Opening', '', '2014-04-01', -1, 4),
(70, '', -1, 11, 100, 0.00, 'Opening', '', '2014-04-01', -1, 4),
(71, '', -1, 15, 20, 25.00, 'Opening', '', '2014-04-01', -1, 4),
(72, '', -1, 1, 128, 100.00, 'Opening', '', '2014-04-01', -1, 4),
(73, '', -1, 1, 180, 105.00, 'Opening', '', '2014-04-01', -1, 4),
(74, '', -1, 6, 240, 0.00, 'Opening', '', '2014-04-01', -1, 4),
(75, '', -1, 7, 220, 0.00, 'Opening', '', '2014-04-01', -1, 4),
(76, '', -1, 8, 30, 0.00, 'Opening', '', '2014-04-01', -1, 4),
(77, '', -1, 9, 100, 0.00, 'Opening', '', '2014-04-01', -1, 4),
(78, '', -1, 10, 200, 100.00, 'Opening', '', '2014-04-01', -1, 4),
(79, '', -1, 11, 100, 0.00, 'Opening', '', '2014-04-01', -1, 4),
(80, '', -1, 15, 20, 25.00, 'Opening', '', '2014-04-01', -1, 4),
(81, '', -1, 1, 128, 100.00, 'Opening', '', '2014-04-01', -1, 4),
(82, '', -1, 1, 180, 105.00, 'Opening', '', '2014-04-01', -1, 4),
(83, '', -1, 6, 240, 0.00, 'Opening', '', '2014-04-01', -1, 4),
(84, '', -1, 7, 220, 0.00, 'Opening', '', '2014-04-01', -1, 4),
(85, '', -1, 8, 30, 0.00, 'Opening', '', '2014-04-01', -1, 4),
(86, '', -1, 9, 100, 0.00, 'Opening', '', '2014-04-01', -1, 4),
(87, '', -1, 10, 200, 100.00, 'Opening', '', '2014-04-01', -1, 4),
(88, '', -1, 11, 100, 0.00, 'Opening', '', '2014-04-01', -1, 4),
(89, '', -1, 15, 20, 25.00, 'Opening', '', '2014-04-01', -1, 4),
(90, '', -1, 1, 64, 100.00, 'Opening', '', '2012-04-01', -1, 2),
(91, '', -1, 1, 90, 105.00, 'Opening', '', '2012-04-01', -1, 2),
(92, '', -1, 6, 120, 0.00, 'Opening', '', '2012-04-01', -1, 2),
(93, '', -1, 7, 110, 0.00, 'Opening', '', '2012-04-01', -1, 2),
(94, '', -1, 8, 15, 0.00, 'Opening', '', '2012-04-01', -1, 2),
(95, '', -1, 9, 50, 0.00, 'Opening', '', '2012-04-01', -1, 2),
(96, '', -1, 10, 100, 100.00, 'Opening', '', '2012-04-01', -1, 2),
(97, '', -1, 11, 50, 0.00, 'Opening', '', '2012-04-01', -1, 2),
(98, '', -1, 15, 10, 25.00, 'Opening', '', '2012-04-01', -1, 2),
(99, '', -1, 1, 64, 100.00, 'Opening', '', '2012-04-01', -1, 2),
(100, '', -1, 1, 90, 105.00, 'Opening', '', '2012-04-01', -1, 2),
(101, '', -1, 6, 120, 0.00, 'Opening', '', '2012-04-01', -1, 2),
(102, '', -1, 7, 110, 0.00, 'Opening', '', '2012-04-01', -1, 2),
(103, '', -1, 8, 15, 0.00, 'Opening', '', '2012-04-01', -1, 2),
(104, '', -1, 9, 50, 0.00, 'Opening', '', '2012-04-01', -1, 2),
(105, '', -1, 10, 100, 100.00, 'Opening', '', '2012-04-01', -1, 2),
(106, '', -1, 11, 50, 0.00, 'Opening', '', '2012-04-01', -1, 2),
(107, '', -1, 15, 10, 25.00, 'Opening', '', '2012-04-01', -1, 2),
(108, '', -1, 1, 64, 100.00, 'Opening', '', '2012-04-01', -1, 2),
(109, '', -1, 1, 90, 105.00, 'Opening', '', '2012-04-01', -1, 2),
(110, '', -1, 6, 120, 0.00, 'Opening', '', '2012-04-01', -1, 2),
(111, '', -1, 7, 110, 0.00, 'Opening', '', '2012-04-01', -1, 2),
(112, '', -1, 8, 15, 0.00, 'Opening', '', '2012-04-01', -1, 2),
(113, '', -1, 9, 50, 0.00, 'Opening', '', '2012-04-01', -1, 2),
(114, '', -1, 10, 100, 100.00, 'Opening', '', '2012-04-01', -1, 2),
(115, '', -1, 11, 50, 0.00, 'Opening', '', '2012-04-01', -1, 2),
(116, '', -1, 15, 10, 25.00, 'Opening', '', '2012-04-01', -1, 2),
(117, '', -1, 1, 320, 100.00, 'Opening', '', '2013-04-01', -1, 3),
(118, '', -1, 1, 450, 105.00, 'Opening', '', '2013-04-01', -1, 3),
(119, '', -1, 6, 600, 0.00, 'Opening', '', '2013-04-01', -1, 3),
(120, '', -1, 7, 550, 0.00, 'Opening', '', '2013-04-01', -1, 3),
(121, '', -1, 8, 75, 0.00, 'Opening', '', '2013-04-01', -1, 3),
(122, '', -1, 9, 250, 0.00, 'Opening', '', '2013-04-01', -1, 3),
(123, '', -1, 10, 500, 100.00, 'Opening', '', '2013-04-01', -1, 3),
(124, '', -1, 11, 250, 0.00, 'Opening', '', '2013-04-01', -1, 3),
(125, '', -1, 15, 50, 25.00, 'Opening', '', '2013-04-01', -1, 3),
(126, '', -1, 1, 320, 100.00, 'Opening', '', '2013-04-01', -1, 3),
(127, '', -1, 1, 450, 105.00, 'Opening', '', '2013-04-01', -1, 3),
(128, '', -1, 6, 600, 0.00, 'Opening', '', '2013-04-01', -1, 3),
(129, '', -1, 7, 550, 0.00, 'Opening', '', '2013-04-01', -1, 3),
(130, '', -1, 8, 75, 0.00, 'Opening', '', '2013-04-01', -1, 3),
(131, '', -1, 9, 250, 0.00, 'Opening', '', '2013-04-01', -1, 3),
(132, '', -1, 10, 500, 100.00, 'Opening', '', '2013-04-01', -1, 3),
(133, '', -1, 11, 250, 0.00, 'Opening', '', '2013-04-01', -1, 3),
(134, '', -1, 15, 50, 25.00, 'Opening', '', '2013-04-01', -1, 3),
(135, '', -1, 1, 320, 100.00, 'Opening', '', '2013-04-01', -1, 3),
(136, '', -1, 1, 450, 105.00, 'Opening', '', '2013-04-01', -1, 3),
(137, '', -1, 6, 600, 0.00, 'Opening', '', '2013-04-01', -1, 3),
(138, '', -1, 7, 550, 0.00, 'Opening', '', '2013-04-01', -1, 3),
(139, '', -1, 8, 75, 0.00, 'Opening', '', '2013-04-01', -1, 3),
(140, '', -1, 9, 250, 0.00, 'Opening', '', '2013-04-01', -1, 3),
(141, '', -1, 10, 500, 100.00, 'Opening', '', '2013-04-01', -1, 3),
(142, '', -1, 11, 250, 0.00, 'Opening', '', '2013-04-01', -1, 3),
(143, '', -1, 15, 50, 25.00, 'Opening', '', '2013-04-01', -1, 3),
(144, '', -1, 1, 320, 100.00, 'Opening', '', '2013-04-01', -1, 3),
(145, '', -1, 1, 450, 105.00, 'Opening', '', '2013-04-01', -1, 3),
(146, '', -1, 6, 600, 0.00, 'Opening', '', '2013-04-01', -1, 3),
(147, '', -1, 7, 550, 0.00, 'Opening', '', '2013-04-01', -1, 3),
(148, '', -1, 8, 75, 0.00, 'Opening', '', '2013-04-01', -1, 3),
(149, '', -1, 9, 250, 0.00, 'Opening', '', '2013-04-01', -1, 3),
(150, '', -1, 10, 500, 100.00, 'Opening', '', '2013-04-01', -1, 3),
(151, '', -1, 11, 250, 0.00, 'Opening', '', '2013-04-01', -1, 3),
(152, '', -1, 15, 50, 25.00, 'Opening', '', '2013-04-01', -1, 3),
(153, '', -1, 1, 320, 100.00, 'Opening', '', '2013-04-01', -1, 3),
(154, '', -1, 1, 450, 105.00, 'Opening', '', '2013-04-01', -1, 3),
(155, '', -1, 6, 600, 0.00, 'Opening', '', '2013-04-01', -1, 3),
(156, '', -1, 7, 550, 0.00, 'Opening', '', '2013-04-01', -1, 3),
(157, '', -1, 8, 75, 0.00, 'Opening', '', '2013-04-01', -1, 3),
(158, '', -1, 9, 250, 0.00, 'Opening', '', '2013-04-01', -1, 3),
(159, '', -1, 10, 500, 100.00, 'Opening', '', '2013-04-01', -1, 3),
(160, '', -1, 11, 250, 0.00, 'Opening', '', '2013-04-01', -1, 3),
(161, '', -1, 15, 50, 25.00, 'Opening', '', '2013-04-01', -1, 3),
(162, '', -1, 1, 64, 100.00, 'Opening', '', '2012-04-01', -1, 2),
(163, '', -1, 1, 90, 105.00, 'Opening', '', '2012-04-01', -1, 2),
(164, '', -1, 6, 120, 0.00, 'Opening', '', '2012-04-01', -1, 2),
(165, '', -1, 7, 110, 0.00, 'Opening', '', '2012-04-01', -1, 2),
(166, '', -1, 8, 15, 0.00, 'Opening', '', '2012-04-01', -1, 2),
(167, '', -1, 9, 50, 0.00, 'Opening', '', '2012-04-01', -1, 2),
(168, '', -1, 10, 100, 100.00, 'Opening', '', '2012-04-01', -1, 2),
(169, '', -1, 11, 50, 0.00, 'Opening', '', '2012-04-01', -1, 2),
(170, '', -1, 15, 10, 25.00, 'Opening', '', '2012-04-01', -1, 2),
(171, '', -1, 1, 384, 100.00, 'Opening', '', '2013-04-01', -1, 3),
(172, '', -1, 1, 540, 105.00, 'Opening', '', '2013-04-01', -1, 3),
(173, '', -1, 6, 720, 0.00, 'Opening', '', '2013-04-01', -1, 3),
(174, '', -1, 7, 660, 0.00, 'Opening', '', '2013-04-01', -1, 3),
(175, '', -1, 8, 90, 0.00, 'Opening', '', '2013-04-01', -1, 3),
(176, '', -1, 9, 300, 0.00, 'Opening', '', '2013-04-01', -1, 3),
(177, '', -1, 10, 600, 100.00, 'Opening', '', '2013-04-01', -1, 3),
(178, '', -1, 11, 300, 0.00, 'Opening', '', '2013-04-01', -1, 3),
(179, '', -1, 15, 60, 25.00, 'Opening', '', '2013-04-01', -1, 3),
(180, '', -1, 1, 64, 100.00, 'Opening', '', '2012-04-01', -1, 2),
(181, '', -1, 1, 90, 105.00, 'Opening', '', '2012-04-01', -1, 2),
(182, '', -1, 6, 120, 0.00, 'Opening', '', '2012-04-01', -1, 2),
(183, '', -1, 7, 110, 0.00, 'Opening', '', '2012-04-01', -1, 2),
(184, '', -1, 8, 15, 0.00, 'Opening', '', '2012-04-01', -1, 2),
(185, '', -1, 9, 50, 0.00, 'Opening', '', '2012-04-01', -1, 2),
(186, '', -1, 10, 100, 100.00, 'Opening', '', '2012-04-01', -1, 2),
(187, '', -1, 11, 50, 0.00, 'Opening', '', '2012-04-01', -1, 2),
(188, '', -1, 15, 10, 25.00, 'Opening', '', '2012-04-01', -1, 2),
(189, '', -1, 1, 448, 100.00, 'Opening', '', '2013-04-01', -1, 3),
(190, '', -1, 1, 630, 105.00, 'Opening', '', '2013-04-01', -1, 3),
(191, '', -1, 6, 840, 0.00, 'Opening', '', '2013-04-01', -1, 3),
(192, '', -1, 7, 770, 0.00, 'Opening', '', '2013-04-01', -1, 3),
(193, '', -1, 8, 105, 0.00, 'Opening', '', '2013-04-01', -1, 3),
(194, '', -1, 9, 350, 0.00, 'Opening', '', '2013-04-01', -1, 3),
(195, '', -1, 10, 700, 100.00, 'Opening', '', '2013-04-01', -1, 3),
(196, '', -1, 11, 350, 0.00, 'Opening', '', '2013-04-01', -1, 3),
(197, '', -1, 15, 70, 25.00, 'Opening', '', '2013-04-01', -1, 3),
(198, '', -1, 1, 448, 100.00, 'Opening', '', '2013-04-01', -1, 3),
(199, '', -1, 1, 630, 105.00, 'Opening', '', '2013-04-01', -1, 3),
(200, '', -1, 6, 840, 0.00, 'Opening', '', '2013-04-01', -1, 3),
(201, '', -1, 7, 770, 0.00, 'Opening', '', '2013-04-01', -1, 3),
(202, '', -1, 8, 105, 0.00, 'Opening', '', '2013-04-01', -1, 3),
(203, '', -1, 9, 350, 0.00, 'Opening', '', '2013-04-01', -1, 3),
(204, '', -1, 10, 700, 100.00, 'Opening', '', '2013-04-01', -1, 3),
(205, '', -1, 11, 350, 0.00, 'Opening', '', '2013-04-01', -1, 3),
(206, '', -1, 15, 70, 25.00, 'Opening', '', '2013-04-01', -1, 3),
(207, '', -1, 1, 64, 100.00, 'Opening', '', '2012-04-01', -1, 2),
(208, '', -1, 1, 90, 105.00, 'Opening', '', '2012-04-01', -1, 2),
(209, '', -1, 6, 120, 0.00, 'Opening', '', '2012-04-01', -1, 2),
(210, '', -1, 7, 110, 0.00, 'Opening', '', '2012-04-01', -1, 2),
(211, '', -1, 8, 15, 0.00, 'Opening', '', '2012-04-01', -1, 2),
(212, '', -1, 9, 50, 0.00, 'Opening', '', '2012-04-01', -1, 2),
(213, '', -1, 10, 100, 100.00, 'Opening', '', '2012-04-01', -1, 2),
(214, '', -1, 11, 50, 0.00, 'Opening', '', '2012-04-01', -1, 2),
(215, '', -1, 15, 10, 25.00, 'Opening', '', '2012-04-01', -1, 2),
(216, '', -1, 1, 64, 100.00, 'Opening', '', '2012-04-01', -1, 2),
(217, '', -1, 1, 90, 105.00, 'Opening', '', '2012-04-01', -1, 2),
(218, '', -1, 6, 120, 0.00, 'Opening', '', '2012-04-01', -1, 2),
(219, '', -1, 7, 110, 0.00, 'Opening', '', '2012-04-01', -1, 2),
(220, '', -1, 8, 15, 0.00, 'Opening', '', '2012-04-01', -1, 2),
(221, '', -1, 9, 50, 0.00, 'Opening', '', '2012-04-01', -1, 2),
(222, '', -1, 10, 100, 100.00, 'Opening', '', '2012-04-01', -1, 2),
(223, '', -1, 11, 50, 0.00, 'Opening', '', '2012-04-01', -1, 2),
(224, '', -1, 15, 10, 25.00, 'Opening', '', '2012-04-01', -1, 2),
(225, '', -1, 1, 64, 100.00, 'Opening', '', '2012-04-01', -1, 2),
(226, '', -1, 1, 90, 105.00, 'Opening', '', '2012-04-01', -1, 2),
(227, '', -1, 6, 120, 0.00, 'Opening', '', '2012-04-01', -1, 2),
(228, '', -1, 7, 110, 0.00, 'Opening', '', '2012-04-01', -1, 2),
(229, '', -1, 8, 15, 0.00, 'Opening', '', '2012-04-01', -1, 2),
(230, '', -1, 9, 50, 0.00, 'Opening', '', '2012-04-01', -1, 2),
(231, '', -1, 10, 100, 100.00, 'Opening', '', '2012-04-01', -1, 2),
(232, '', -1, 11, 50, 0.00, 'Opening', '', '2012-04-01', -1, 2),
(233, '', -1, 15, 10, 25.00, 'Opening', '', '2012-04-01', -1, 2),
(234, '', -1, 1, 64, 100.00, 'Opening', '', '2012-04-01', -1, 2),
(235, '', -1, 1, 90, 105.00, 'Opening', '', '2012-04-01', -1, 2),
(236, '', -1, 6, 120, 0.00, 'Opening', '', '2012-04-01', -1, 2),
(237, '', -1, 7, 110, 0.00, 'Opening', '', '2012-04-01', -1, 2),
(238, '', -1, 8, 15, 0.00, 'Opening', '', '2012-04-01', -1, 2),
(239, '', -1, 9, 50, 0.00, 'Opening', '', '2012-04-01', -1, 2),
(240, '', -1, 10, 100, 100.00, 'Opening', '', '2012-04-01', -1, 2),
(241, '', -1, 11, 50, 0.00, 'Opening', '', '2012-04-01', -1, 2),
(242, '', -1, 15, 10, 25.00, 'Opening', '', '2012-04-01', -1, 2),
(243, '', -1, 1, 64, 100.00, 'Opening', '', '2012-04-01', -1, 2),
(244, '', -1, 1, 90, 105.00, 'Opening', '', '2012-04-01', -1, 2),
(245, '', -1, 6, 120, 0.00, 'Opening', '', '2012-04-01', -1, 2),
(246, '', -1, 7, 110, 0.00, 'Opening', '', '2012-04-01', -1, 2),
(247, '', -1, 8, 15, 0.00, 'Opening', '', '2012-04-01', -1, 2),
(248, '', -1, 9, 50, 0.00, 'Opening', '', '2012-04-01', -1, 2),
(249, '', -1, 10, 100, 100.00, 'Opening', '', '2012-04-01', -1, 2),
(250, '', -1, 11, 50, 0.00, 'Opening', '', '2012-04-01', -1, 2),
(251, '', -1, 15, 10, 25.00, 'Opening', '', '2012-04-01', -1, 2),
(252, '', -1, 1, 64, 100.00, 'Opening', '', '2012-04-01', -1, 2),
(253, '', -1, 1, 90, 105.00, 'Opening', '', '2012-04-01', -1, 2),
(254, '', -1, 6, 120, 0.00, 'Opening', '', '2012-04-01', -1, 2),
(255, '', -1, 7, 110, 0.00, 'Opening', '', '2012-04-01', -1, 2),
(256, '', -1, 8, 15, 0.00, 'Opening', '', '2012-04-01', -1, 2),
(257, '', -1, 9, 50, 0.00, 'Opening', '', '2012-04-01', -1, 2),
(258, '', -1, 10, 100, 100.00, 'Opening', '', '2012-04-01', -1, 2),
(259, '', -1, 11, 50, 0.00, 'Opening', '', '2012-04-01', -1, 2),
(260, '', -1, 15, 10, 25.00, 'Opening', '', '2012-04-01', -1, 2),
(261, '', -1, 1, 832, 100.00, 'Opening', '', '2013-04-01', -1, 3),
(262, '', -1, 1, 1170, 105.00, 'Opening', '', '2013-04-01', -1, 3),
(263, '', -1, 6, 1560, 0.00, 'Opening', '', '2013-04-01', -1, 3),
(264, '', -1, 7, 1430, 0.00, 'Opening', '', '2013-04-01', -1, 3),
(265, '', -1, 8, 195, 0.00, 'Opening', '', '2013-04-01', -1, 3),
(266, '', -1, 9, 650, 0.00, 'Opening', '', '2013-04-01', -1, 3),
(267, '', -1, 10, 1300, 100.00, 'Opening', '', '2013-04-01', -1, 3),
(268, '', -1, 11, 650, 0.00, 'Opening', '', '2013-04-01', -1, 3),
(269, '', -1, 15, 130, 25.00, 'Opening', '', '2013-04-01', -1, 3),
(270, '', -1, 1, 3840, 100.00, 'Opening', '', '2014-04-01', -1, 4),
(271, '', -1, 1, 5400, 105.00, 'Opening', '', '2014-04-01', -1, 4),
(272, '', -1, 6, 7200, 0.00, 'Opening', '', '2014-04-01', -1, 4),
(273, '', -1, 7, 6600, 0.00, 'Opening', '', '2014-04-01', -1, 4),
(274, '', -1, 8, 900, 0.00, 'Opening', '', '2014-04-01', -1, 4),
(275, '', -1, 9, 3000, 0.00, 'Opening', '', '2014-04-01', -1, 4),
(276, '', -1, 10, 6000, 100.00, 'Opening', '', '2014-04-01', -1, 4),
(277, '', -1, 11, 3000, 0.00, 'Opening', '', '2014-04-01', -1, 4),
(278, '', -1, 15, 600, 25.00, 'Opening', '', '2014-04-01', -1, 4),
(279, '', -1, 1, 4352, 100.00, 'Opening', '', '2015-04-01', -1, 5),
(280, '', -1, 1, 6120, 105.00, 'Opening', '', '2015-04-01', -1, 5),
(281, '', -1, 6, 8160, 0.00, 'Opening', '', '2015-04-01', -1, 5),
(282, '', -1, 7, 7480, 0.00, 'Opening', '', '2015-04-01', -1, 5),
(283, '', -1, 8, 1020, 0.00, 'Opening', '', '2015-04-01', -1, 5),
(284, '', -1, 9, 3400, 0.00, 'Opening', '', '2015-04-01', -1, 5),
(285, '', -1, 10, 6800, 100.00, 'Opening', '', '2015-04-01', -1, 5),
(286, '', -1, 11, 3400, 0.00, 'Opening', '', '2015-04-01', -1, 5),
(287, '', -1, 15, 680, 25.00, 'Opening', '', '2015-04-01', -1, 5),
(288, '', -1, 1, 4352, 100.00, 'Opening', '', '2015-04-01', -1, 5),
(289, '', -1, 1, 6120, 105.00, 'Opening', '', '2015-04-01', -1, 5),
(290, '', -1, 6, 8160, 0.00, 'Opening', '', '2015-04-01', -1, 5),
(291, '', -1, 7, 7480, 0.00, 'Opening', '', '2015-04-01', -1, 5),
(292, '', -1, 8, 1020, 0.00, 'Opening', '', '2015-04-01', -1, 5),
(293, '', -1, 9, 3400, 0.00, 'Opening', '', '2015-04-01', -1, 5),
(294, '', -1, 10, 6800, 100.00, 'Opening', '', '2015-04-01', -1, 5),
(295, '', -1, 11, 3400, 0.00, 'Opening', '', '2015-04-01', -1, 5),
(296, '', -1, 15, 680, 25.00, 'Opening', '', '2015-04-01', -1, 5),
(297, '', -1, 1, 64, 100.00, 'Opening', '', '2012-04-01', -1, 2),
(298, '', -1, 1, 90, 105.00, 'Opening', '', '2012-04-01', -1, 2),
(299, '', -1, 6, 120, 0.00, 'Opening', '', '2012-04-01', -1, 2),
(300, '', -1, 7, 110, 0.00, 'Opening', '', '2012-04-01', -1, 2),
(301, '', -1, 8, 15, 0.00, 'Opening', '', '2012-04-01', -1, 2),
(302, '', -1, 9, 50, 0.00, 'Opening', '', '2012-04-01', -1, 2),
(303, '', -1, 10, 100, 100.00, 'Opening', '', '2012-04-01', -1, 2),
(304, '', -1, 11, 50, 0.00, 'Opening', '', '2012-04-01', -1, 2),
(305, '', -1, 15, 10, 25.00, 'Opening', '', '2012-04-01', -1, 2),
(306, '', -1, 1, 64, 100.00, 'Opening', '', '2012-04-01', -1, 2),
(307, '', -1, 1, 90, 105.00, 'Opening', '', '2012-04-01', -1, 2),
(308, '', -1, 6, 120, 0.00, 'Opening', '', '2012-04-01', -1, 2),
(309, '', -1, 7, 110, 0.00, 'Opening', '', '2012-04-01', -1, 2),
(310, '', -1, 8, 15, 0.00, 'Opening', '', '2012-04-01', -1, 2),
(311, '', -1, 9, 50, 0.00, 'Opening', '', '2012-04-01', -1, 2),
(312, '', -1, 10, 100, 100.00, 'Opening', '', '2012-04-01', -1, 2),
(313, '', -1, 11, 50, 0.00, 'Opening', '', '2012-04-01', -1, 2),
(314, '', -1, 15, 10, 25.00, 'Opening', '', '2012-04-01', -1, 2),
(315, '', -1, 1, 960, 100.00, 'Opening', '', '2013-04-01', -1, 3),
(316, '', -1, 1, 1350, 105.00, 'Opening', '', '2013-04-01', -1, 3),
(317, '', -1, 6, 1800, 0.00, 'Opening', '', '2013-04-01', -1, 3),
(318, '', -1, 7, 1650, 0.00, 'Opening', '', '2013-04-01', -1, 3),
(319, '', -1, 8, 225, 0.00, 'Opening', '', '2013-04-01', -1, 3),
(320, '', -1, 9, 750, 0.00, 'Opening', '', '2013-04-01', -1, 3),
(321, '', -1, 10, 1500, 100.00, 'Opening', '', '2013-04-01', -1, 3),
(322, '', -1, 11, 750, 0.00, 'Opening', '', '2013-04-01', -1, 3),
(323, '', -1, 15, 150, 25.00, 'Opening', '', '2013-04-01', -1, 3),
(324, '', -1, 1, 4800, 100.00, 'Opening', '', '2014-04-01', -1, 4),
(325, '', -1, 1, 6750, 105.00, 'Opening', '', '2014-04-01', -1, 4),
(326, '', -1, 6, 9000, 0.00, 'Opening', '', '2014-04-01', -1, 4),
(327, '', -1, 7, 8250, 0.00, 'Opening', '', '2014-04-01', -1, 4),
(328, '', -1, 8, 1125, 0.00, 'Opening', '', '2014-04-01', -1, 4),
(329, '', -1, 9, 3750, 0.00, 'Opening', '', '2014-04-01', -1, 4),
(330, '', -1, 10, 7500, 100.00, 'Opening', '', '2014-04-01', -1, 4),
(331, '', -1, 11, 3750, 0.00, 'Opening', '', '2014-04-01', -1, 4),
(332, '', -1, 15, 750, 25.00, 'Opening', '', '2014-04-01', -1, 4),
(333, '', -1, 1, 9152, 100.00, 'Opening', '', '2015-04-01', -1, 5),
(334, '', -1, 1, 12870, 105.00, 'Opening', '', '2015-04-01', -1, 5),
(335, '', -1, 6, 17160, 0.00, 'Opening', '', '2015-04-01', -1, 5),
(336, '', -1, 7, 15730, 0.00, 'Opening', '', '2015-04-01', -1, 5),
(337, '', -1, 8, 2145, 0.00, 'Opening', '', '2015-04-01', -1, 5),
(338, '', -1, 9, 7150, 0.00, 'Opening', '', '2015-04-01', -1, 5),
(339, '', -1, 10, 14300, 100.00, 'Opening', '', '2015-04-01', -1, 5),
(340, '', -1, 11, 7150, 0.00, 'Opening', '', '2015-04-01', -1, 5),
(341, '', -1, 15, 1430, 25.00, 'Opening', '', '2015-04-01', -1, 5),
(342, '', -1, 1, 9152, 100.00, 'Opening', '', '2015-04-01', -1, 5),
(343, '', -1, 1, 12870, 105.00, 'Opening', '', '2015-04-01', -1, 5),
(344, '', -1, 6, 17160, 0.00, 'Opening', '', '2015-04-01', -1, 5),
(345, '', -1, 7, 15730, 0.00, 'Opening', '', '2015-04-01', -1, 5),
(346, '', -1, 8, 2145, 0.00, 'Opening', '', '2015-04-01', -1, 5),
(347, '', -1, 9, 7150, 0.00, 'Opening', '', '2015-04-01', -1, 5),
(348, '', -1, 10, 14300, 100.00, 'Opening', '', '2015-04-01', -1, 5),
(349, '', -1, 11, 7150, 0.00, 'Opening', '', '2015-04-01', -1, 5),
(350, '', -1, 15, 1430, 25.00, 'Opening', '', '2015-04-01', -1, 5),
(351, '', -1, 1, 64, 100.00, 'Opening', '', '2012-04-01', -1, 2),
(352, '', -1, 1, 90, 105.00, 'Opening', '', '2012-04-01', -1, 2),
(353, '', -1, 6, 120, 0.00, 'Opening', '', '2012-04-01', -1, 2),
(354, '', -1, 7, 110, 0.00, 'Opening', '', '2012-04-01', -1, 2),
(355, '', -1, 8, 15, 0.00, 'Opening', '', '2012-04-01', -1, 2),
(356, '', -1, 9, 50, 0.00, 'Opening', '', '2012-04-01', -1, 2),
(357, '', -1, 10, 100, 100.00, 'Opening', '', '2012-04-01', -1, 2),
(358, '', -1, 11, 50, 0.00, 'Opening', '', '2012-04-01', -1, 2),
(359, '', -1, 15, 10, 25.00, 'Opening', '', '2012-04-01', -1, 2),
(360, '', -1, 1, 1024, 100.00, 'Opening', '', '2013-04-01', -1, 3),
(361, '', -1, 1, 1440, 105.00, 'Opening', '', '2013-04-01', -1, 3),
(362, '', -1, 6, 1920, 0.00, 'Opening', '', '2013-04-01', -1, 3),
(363, '', -1, 7, 1760, 0.00, 'Opening', '', '2013-04-01', -1, 3),
(364, '', -1, 8, 240, 0.00, 'Opening', '', '2013-04-01', -1, 3),
(365, '', -1, 9, 800, 0.00, 'Opening', '', '2013-04-01', -1, 3),
(366, '', -1, 10, 1600, 100.00, 'Opening', '', '2013-04-01', -1, 3),
(367, '', -1, 11, 800, 0.00, 'Opening', '', '2013-04-01', -1, 3),
(368, '', -1, 15, 160, 25.00, 'Opening', '', '2013-04-01', -1, 3),
(369, '', -1, 1, 5824, 100.00, 'Opening', '', '2014-04-01', -1, 4),
(370, '', -1, 1, 8190, 105.00, 'Opening', '', '2014-04-01', -1, 4),
(371, '', -1, 6, 10920, 0.00, 'Opening', '', '2014-04-01', -1, 4),
(372, '', -1, 7, 10010, 0.00, 'Opening', '', '2014-04-01', -1, 4),
(373, '', -1, 8, 1365, 0.00, 'Opening', '', '2014-04-01', -1, 4),
(374, '', -1, 9, 4550, 0.00, 'Opening', '', '2014-04-01', -1, 4),
(375, '', -1, 10, 9100, 100.00, 'Opening', '', '2014-04-01', -1, 4),
(376, '', -1, 11, 4550, 0.00, 'Opening', '', '2014-04-01', -1, 4),
(377, '', -1, 15, 910, 25.00, 'Opening', '', '2014-04-01', -1, 4),
(378, '', -1, 1, 5824, 100.00, 'Opening', '', '2014-04-01', -1, 4),
(379, '', -1, 1, 8190, 105.00, 'Opening', '', '2014-04-01', -1, 4),
(380, '', -1, 6, 10920, 0.00, 'Opening', '', '2014-04-01', -1, 4),
(381, '', -1, 7, 10010, 0.00, 'Opening', '', '2014-04-01', -1, 4),
(382, '', -1, 8, 1365, 0.00, 'Opening', '', '2014-04-01', -1, 4),
(383, '', -1, 9, 4550, 0.00, 'Opening', '', '2014-04-01', -1, 4),
(384, '', -1, 10, 9100, 100.00, 'Opening', '', '2014-04-01', -1, 4),
(385, '', -1, 11, 4550, 0.00, 'Opening', '', '2014-04-01', -1, 4),
(386, '', -1, 15, 910, 25.00, 'Opening', '', '2014-04-01', -1, 4),
(387, '', -1, 1, 64, 100.00, 'Opening', '', '2012-04-01', -1, 2),
(388, '', -1, 1, 90, 105.00, 'Opening', '', '2012-04-01', -1, 2),
(389, '', -1, 6, 120, 0.00, 'Opening', '', '2012-04-01', -1, 2),
(390, '', -1, 7, 110, 0.00, 'Opening', '', '2012-04-01', -1, 2),
(391, '', -1, 8, 15, 0.00, 'Opening', '', '2012-04-01', -1, 2),
(392, '', -1, 9, 50, 0.00, 'Opening', '', '2012-04-01', -1, 2),
(393, '', -1, 10, 100, 100.00, 'Opening', '', '2012-04-01', -1, 2),
(394, '', -1, 11, 50, 0.00, 'Opening', '', '2012-04-01', -1, 2),
(395, '', -1, 15, 10, 25.00, 'Opening', '', '2012-04-01', -1, 2),
(396, '', -1, 1, 1088, 100.00, 'Opening', '', '2013-04-01', -1, 3),
(397, '', -1, 1, 1530, 105.00, 'Opening', '', '2013-04-01', -1, 3),
(398, '', -1, 6, 2040, 0.00, 'Opening', '', '2013-04-01', -1, 3),
(399, '', -1, 7, 1870, 0.00, 'Opening', '', '2013-04-01', -1, 3),
(400, '', -1, 8, 255, 0.00, 'Opening', '', '2013-04-01', -1, 3),
(401, '', -1, 9, 850, 0.00, 'Opening', '', '2013-04-01', -1, 3),
(402, '', -1, 10, 1700, 100.00, 'Opening', '', '2013-04-01', -1, 3),
(403, '', -1, 11, 850, 0.00, 'Opening', '', '2013-04-01', -1, 3),
(404, '', -1, 15, 170, 25.00, 'Opening', '', '2013-04-01', -1, 3),
(405, '', -1, 1, 1088, 100.00, 'Opening', '', '2013-04-01', -1, 3),
(406, '', -1, 1, 1530, 105.00, 'Opening', '', '2013-04-01', -1, 3),
(407, '', -1, 6, 2040, 0.00, 'Opening', '', '2013-04-01', -1, 3),
(408, '', -1, 7, 1870, 0.00, 'Opening', '', '2013-04-01', -1, 3),
(409, '', -1, 8, 255, 0.00, 'Opening', '', '2013-04-01', -1, 3),
(410, '', -1, 9, 850, 0.00, 'Opening', '', '2013-04-01', -1, 3),
(411, '', -1, 10, 1700, 100.00, 'Opening', '', '2013-04-01', -1, 3),
(412, '', -1, 11, 850, 0.00, 'Opening', '', '2013-04-01', -1, 3),
(413, '', -1, 15, 170, 25.00, 'Opening', '', '2013-04-01', -1, 3),
(414, '', -1, 1, 1088, 100.00, 'Opening', '', '2013-04-01', -1, 3),
(415, '', -1, 1, 1530, 105.00, 'Opening', '', '2013-04-01', -1, 3),
(416, '', -1, 6, 2040, 0.00, 'Opening', '', '2013-04-01', -1, 3),
(417, '', -1, 7, 1870, 0.00, 'Opening', '', '2013-04-01', -1, 3),
(418, '', -1, 8, 255, 0.00, 'Opening', '', '2013-04-01', -1, 3),
(419, '', -1, 9, 850, 0.00, 'Opening', '', '2013-04-01', -1, 3),
(420, '', -1, 10, 1700, 100.00, 'Opening', '', '2013-04-01', -1, 3),
(421, '', -1, 11, 850, 0.00, 'Opening', '', '2013-04-01', -1, 3),
(422, '', -1, 15, 170, 25.00, 'Opening', '', '2013-04-01', -1, 3),
(423, '', -1, 1, 1088, 100.00, 'Opening', '', '2013-04-01', -1, 3),
(424, '', -1, 1, 1530, 105.00, 'Opening', '', '2013-04-01', -1, 3),
(425, '', -1, 6, 2040, 0.00, 'Opening', '', '2013-04-01', -1, 3),
(426, '', -1, 7, 1870, 0.00, 'Opening', '', '2013-04-01', -1, 3),
(427, '', -1, 8, 255, 0.00, 'Opening', '', '2013-04-01', -1, 3),
(428, '', -1, 9, 850, 0.00, 'Opening', '', '2013-04-01', -1, 3),
(429, '', -1, 10, 1700, 100.00, 'Opening', '', '2013-04-01', -1, 3),
(430, '', -1, 11, 850, 0.00, 'Opening', '', '2013-04-01', -1, 3),
(431, '', -1, 15, 170, 25.00, 'Opening', '', '2013-04-01', -1, 3),
(432, '', -1, 1, 10176, 100.00, 'Opening', '', '2014-04-01', -1, 4),
(433, '', -1, 1, 14310, 105.00, 'Opening', '', '2014-04-01', -1, 4),
(434, '', -1, 6, 19080, 0.00, 'Opening', '', '2014-04-01', -1, 4),
(435, '', -1, 7, 17490, 0.00, 'Opening', '', '2014-04-01', -1, 4),
(436, '', -1, 8, 2385, 0.00, 'Opening', '', '2014-04-01', -1, 4),
(437, '', -1, 9, 7950, 0.00, 'Opening', '', '2014-04-01', -1, 4),
(438, '', -1, 10, 15900, 100.00, 'Opening', '', '2014-04-01', -1, 4),
(439, '', -1, 11, 7950, 0.00, 'Opening', '', '2014-04-01', -1, 4),
(440, '', -1, 15, 1590, 25.00, 'Opening', '', '2014-04-01', -1, 4),
(441, '', -1, 1, 64, 100.00, 'Opening', '', '2012-04-01', -1, 2),
(442, '', -1, 1, 90, 105.00, 'Opening', '', '2012-04-01', -1, 2),
(443, '', -1, 6, 120, 0.00, 'Opening', '', '2012-04-01', -1, 2),
(444, '', -1, 7, 110, 0.00, 'Opening', '', '2012-04-01', -1, 2),
(445, '', -1, 8, 15, 0.00, 'Opening', '', '2012-04-01', -1, 2),
(446, '', -1, 9, 50, 0.00, 'Opening', '', '2012-04-01', -1, 2),
(447, '', -1, 10, 100, 100.00, 'Opening', '', '2012-04-01', -1, 2),
(448, '', -1, 11, 50, 0.00, 'Opening', '', '2012-04-01', -1, 2),
(449, '', -1, 15, 10, 25.00, 'Opening', '', '2012-04-01', -1, 2),
(450, '', -1, 1, 1152, 100.00, 'Opening', '', '2013-04-01', -1, 3),
(451, '', -1, 1, 1620, 105.00, 'Opening', '', '2013-04-01', -1, 3),
(452, '', -1, 6, 2160, 0.00, 'Opening', '', '2013-04-01', -1, 3),
(453, '', -1, 7, 1980, 0.00, 'Opening', '', '2013-04-01', -1, 3),
(454, '', -1, 8, 270, 0.00, 'Opening', '', '2013-04-01', -1, 3),
(455, '', -1, 9, 900, 0.00, 'Opening', '', '2013-04-01', -1, 3),
(456, '', -1, 10, 1800, 100.00, 'Opening', '', '2013-04-01', -1, 3),
(457, '', -1, 11, 900, 0.00, 'Opening', '', '2013-04-01', -1, 3),
(458, '', -1, 15, 180, 25.00, 'Opening', '', '2013-04-01', -1, 3),
(459, '', -1, 1, 11328, 100.00, 'Opening', '', '2014-04-01', -1, 4),
(460, '', -1, 1, 15930, 105.00, 'Opening', '', '2014-04-01', -1, 4),
(461, '', -1, 6, 21240, 0.00, 'Opening', '', '2014-04-01', -1, 4),
(462, '', -1, 7, 19470, 0.00, 'Opening', '', '2014-04-01', -1, 4),
(463, '', -1, 8, 2655, 0.00, 'Opening', '', '2014-04-01', -1, 4),
(464, '', -1, 9, 8850, 0.00, 'Opening', '', '2014-04-01', -1, 4),
(465, '', -1, 10, 17700, 100.00, 'Opening', '', '2014-04-01', -1, 4),
(466, '', -1, 11, 8850, 0.00, 'Opening', '', '2014-04-01', -1, 4),
(467, '', -1, 15, 1770, 25.00, 'Opening', '', '2014-04-01', -1, 4);

-- --------------------------------------------------------

--
-- Table structure for table `supplier`
--

CREATE TABLE IF NOT EXISTS `supplier` (
  `supplier_id` int(11) NOT NULL AUTO_INCREMENT,
  `supplier_name` varchar(255) NOT NULL,
  `supplier_address` text NOT NULL,
  `supplier_phone` varchar(15) NOT NULL,
  `contact_person` varchar(125) NOT NULL,
  `contact_mobile` varchar(15) NOT NULL,
  `contact_email` varchar(255) NOT NULL,
  `supplier_fax` varchar(15) NOT NULL,
  `supplier_cst_number` varchar(50) NOT NULL,
  `supplier_tin_number` varchar(50) NOT NULL,
  `deleted` tinyint(4) NOT NULL DEFAULT '1' COMMENT '2 for deleted,1 not deleted',
  `ledger_sub_id` int(11) NOT NULL DEFAULT '-1',
  PRIMARY KEY (`supplier_id`)
) ENGINE=InnoDB  DEFAULT CHARSET=utf8 AUTO_INCREMENT=3 ;

--
-- Dumping data for table `supplier`
--

INSERT INTO `supplier` (`supplier_id`, `supplier_name`, `supplier_address`, `supplier_phone`, `contact_person`, `contact_mobile`, `contact_email`, `supplier_fax`, `supplier_cst_number`, `supplier_tin_number`, `deleted`, `ledger_sub_id`) VALUES
(1, 'Narayana Shops', 'fdsf', '234234', '', '', 'rosy.swapna@acube.co', '', '', '', 1, 60),
(2, 'ghdr sdf ds', 'sdfsdaf', '43546', '', '', 'rosy.swapna@gmail.com', '', '', '', 1, 68);

-- --------------------------------------------------------

--
-- Table structure for table `tax_master`
--

CREATE TABLE IF NOT EXISTS `tax_master` (
  `id` int(11) NOT NULL AUTO_INCREMENT,
  `name` varchar(125) NOT NULL,
  `rate` double NOT NULL,
  `status` tinyint(1) NOT NULL DEFAULT '2',
  `deleted` tinyint(4) NOT NULL DEFAULT '1' COMMENT '2 for deleted,1 not deleted',
  `ledger_sub_id` int(11) NOT NULL,
  `type` tinyint(4) NOT NULL DEFAULT '-1' COMMENT '1 for sale ,2 for purchase',
  PRIMARY KEY (`id`)
) ENGINE=InnoDB  DEFAULT CHARSET=utf8 AUTO_INCREMENT=3 ;

--
-- Dumping data for table `tax_master`
--

INSERT INTO `tax_master` (`id`, `name`, `rate`, `status`, `deleted`, `ledger_sub_id`, `type`) VALUES
(1, 'Input vat @ 13.5%', 0.135, 1, 1, 78, -1),
(2, 'Input kvat @ 14.5%', 0.145, 1, 1, 79, -1);

-- --------------------------------------------------------

--
-- Table structure for table `uom_master`
--

CREATE TABLE IF NOT EXISTS `uom_master` (
  `uom_id` int(11) NOT NULL AUTO_INCREMENT,
  `uom_value` varchar(125) NOT NULL,
  PRIMARY KEY (`uom_id`)
) ENGINE=InnoDB  DEFAULT CHARSET=utf8 AUTO_INCREMENT=5 ;

--
-- Dumping data for table `uom_master`
--

INSERT INTO `uom_master` (`uom_id`, `uom_value`) VALUES
(1, 'Kilo Gram'),
(2, 'Gram'),
(3, 'Litre'),
(4, 'Piece');

-- --------------------------------------------------------

--
-- Table structure for table `users`
--

CREATE TABLE IF NOT EXISTS `users` (
  `id` int(11) NOT NULL AUTO_INCREMENT,
  `username` varchar(255) COLLATE utf8_unicode_ci DEFAULT NULL,
  `password` varchar(255) COLLATE utf8_unicode_ci DEFAULT NULL,
  `first_name` varchar(255) COLLATE utf8_unicode_ci DEFAULT NULL,
  `last_name` varchar(255) COLLATE utf8_unicode_ci DEFAULT NULL,
  `email` varchar(255) COLLATE utf8_unicode_ci DEFAULT NULL,
  `phone` varchar(45) COLLATE utf8_unicode_ci DEFAULT NULL,
  `address` text COLLATE utf8_unicode_ci,
  `occupation` varchar(255) COLLATE utf8_unicode_ci DEFAULT NULL,
  `user_status_id` int(11) DEFAULT NULL,
  `organization_id` int(11) DEFAULT NULL,
  `registration_date` datetime DEFAULT NULL,
  `activation_token` varchar(255) COLLATE utf8_unicode_ci DEFAULT NULL,
  `password_token` varchar(255) COLLATE utf8_unicode_ci DEFAULT NULL,
  `user_type_id` int(11) NOT NULL,
  PRIMARY KEY (`id`),
  KEY `user_status_id` (`user_status_id`),
  KEY `organization_id` (`organization_id`),
  KEY `user_type_id` (`user_type_id`)
) ENGINE=InnoDB  DEFAULT CHARSET=utf8 COLLATE=utf8_unicode_ci AUTO_INCREMENT=5 ;

--
-- Dumping data for table `users`
--

INSERT INTO `users` (`id`, `username`, `password`, `first_name`, `last_name`, `email`, `phone`, `address`, `occupation`, `user_status_id`, `organization_id`, `registration_date`, `activation_token`, `password_token`, `user_type_id`) VALUES
(1, 'admin', '21232f297a57a5a743894a0e4a801fc3', 'administrator', '', 'rosy.swapna@acube.co', NULL, NULL, NULL, 1, NULL, '2014-03-21 00:00:00', NULL, NULL, 3),
(2, 'testcounter', 'e10adc3949ba59abbe56e057f20f883e', 'test', 'counter', '', '', '', '', 1, 0, '2014-03-31 10:25:09', '', NULL, 1),
(3, 'testfinance', 'e10adc3949ba59abbe56e057f20f883e', 'test', 'finance', '', '', '', '', 1, 0, '2014-04-03 11:02:41', '', NULL, 2),
(4, 'admin2', 'c84258e9c39059a89ab77d846ddab909', 'admin', 'rosy', '', '', '', '', 1, 0, '2014-04-03 11:12:25', '', NULL, 3);

-- --------------------------------------------------------

--
-- Table structure for table `user_statuses`
--

CREATE TABLE IF NOT EXISTS `user_statuses` (
  `id` int(11) NOT NULL AUTO_INCREMENT,
  `name` varchar(255) COLLATE utf8_unicode_ci DEFAULT NULL,
  `description` text COLLATE utf8_unicode_ci,
  PRIMARY KEY (`id`)
) ENGINE=InnoDB  DEFAULT CHARSET=utf8 COLLATE=utf8_unicode_ci AUTO_INCREMENT=5 ;

--
-- Dumping data for table `user_statuses`
--

INSERT INTO `user_statuses` (`id`, `name`, `description`) VALUES
(1, 'Active', 'Active'),
(2, 'Waiting Email Activation', 'Email activation required'),
(3, 'Suspended', 'Suspended'),
(4, 'Disabled', 'Disabled');

-- --------------------------------------------------------

--
-- Table structure for table `user_types`
--

CREATE TABLE IF NOT EXISTS `user_types` (
  `id` int(11) NOT NULL AUTO_INCREMENT,
  `name` varchar(250) NOT NULL,
  PRIMARY KEY (`id`)
) ENGINE=InnoDB  DEFAULT CHARSET=utf8 AUTO_INCREMENT=4 ;

--
-- Dumping data for table `user_types`
--

INSERT INTO `user_types` (`id`, `name`) VALUES
(1, 'COUNTER'),
(2, 'FINANCE'),
(3, 'ADMINISTRATOR');

-- --------------------------------------------------------

--
-- Table structure for table `vazhipadu`
--

CREATE TABLE IF NOT EXISTS `vazhipadu` (
  `vazhipadu_id` int(11) NOT NULL AUTO_INCREMENT,
  `vazhipadu_rpt_number` varchar(125) NOT NULL,
  `vazhipadu_date` date NOT NULL,
  `star_id` int(11) NOT NULL,
  `pooja_id` int(11) NOT NULL,
  `name` varchar(125) NOT NULL,
  `age` int(11) NOT NULL,
  `quantity` int(11) NOT NULL,
  `amount` double(25,2) NOT NULL,
  `deleted` tinyint(4) NOT NULL DEFAULT '1' COMMENT '2 for deleted,1 not deleted',
  `user_id` int(11) NOT NULL DEFAULT '-1',
  PRIMARY KEY (`vazhipadu_id`)
) ENGINE=InnoDB  DEFAULT CHARSET=utf8 AUTO_INCREMENT=16 ;

--
-- Dumping data for table `vazhipadu`
--

INSERT INTO `vazhipadu` (`vazhipadu_id`, `vazhipadu_rpt_number`, `vazhipadu_date`, `star_id`, `pooja_id`, `name`, `age`, `quantity`, `amount`, `deleted`, `user_id`) VALUES
(1, '0240', '2014-04-22', 3, 2, 'SDF', 0, 1, 200.00, 1, 1),
(2, '0241', '2014-04-23', 3, 2, 'SDF', 0, 1, 200.00, 1, 1),
(3, '0242', '2014-04-23', 3, 2, 'sdf', 0, 1, 200.00, 1, 1),
(4, '0243', '2014-04-23', 3, 2, 'sdf', 0, 1, 200.00, 1, 1),
(5, '0244', '2014-04-23', 1, 2, 'sdf', 0, 1, 200.00, 1, 1),
(6, '0245', '2014-04-23', 3, 2, 'sdfds', 0, 1, 200.00, 1, 1),
(7, '0246', '2014-04-23', 1, 2, 'sdfd', 0, 1, 200.00, 1, 1),
(8, '0247', '2012-03-24', 1, 2, 'sdfsdf', 0, 1, 200.00, 1, 1),
(9, '0248', '2012-03-24', 4, 4, 'dtedf', 0, 1, 120.00, 1, 1),
(10, '0248', '2012-04-24', 1, 4, 'sdfad', 0, 1, 120.00, 1, 1),
(11, '0249', '2014-04-23', 1, 1, 's', 0, 1, 10.00, 1, 1),
(12, '0250', '2014-04-23', 3, 2, 'sad', 0, 1, 200.00, 1, 1),
(13, '0251', '2014-04-25', 3, 2, 'fsdfsd', 0, 1, 200.00, 1, 1),
(14, '0252', '2014-04-26', 3, 1, 'sdf', 0, 1, 15.00, 1, 1),
(15, '0253', '2014-04-24', -1, 3, 'sdf', 0, 1, 234.00, 1, 1);

-- --------------------------------------------------------

--
-- Table structure for table `voucher`
--

CREATE TABLE IF NOT EXISTS `voucher` (
  `voucher_id` int(11) NOT NULL AUTO_INCREMENT,
  `voucher_name` varchar(250) NOT NULL,
  `voucher_description` text NOT NULL,
  `fy_id` int(11) NOT NULL,
  `voucher_master_id` int(11) NOT NULL,
  `header` text,
  `footer` text,
  `number_series` varchar(20) NOT NULL,
  `series_prefix` varchar(10) NOT NULL,
  `series_sufix` varchar(10) NOT NULL,
  `series_start` varchar(50) NOT NULL,
  `series_seperator` varchar(5) NOT NULL,
  `default_from` varchar(50) NOT NULL,
  `default_to` varchar(50) NOT NULL,
  `form_type_id` int(11) NOT NULL,
  `source` tinyint(4) NOT NULL COMMENT '1-voucher for ac and 2-voucher for inventory',
  `hidden` tinyint(4) NOT NULL DEFAULT '1' COMMENT '1 show,2hidden',
  `module_id` int(11) DEFAULT NULL,
  PRIMARY KEY (`voucher_id`),
  UNIQUE KEY `fy_id` (`fy_id`,`module_id`)
) ENGINE=InnoDB  DEFAULT CHARSET=utf8 AUTO_INCREMENT=283 ;

--
-- Dumping data for table `voucher`
--

INSERT INTO `voucher` (`voucher_id`, `voucher_name`, `voucher_description`, `fy_id`, `voucher_master_id`, `header`, `footer`, `number_series`, `series_prefix`, `series_sufix`, `series_start`, `series_seperator`, `default_from`, `default_to`, `form_type_id`, `source`, `hidden`, `module_id`) VALUES
(1, 'Vazhipadu', '', 1, 2, '', '', '0001', '', '', '0001', '', '3', '2', -1, -1, 2, 1),
(8, 'Cash Receipt', '', 1, 2, '', '', '0001', '', '', '0001', '', 'a:1:{i:0;s:1:"3";}', '', -1, 1, 1, NULL),
(9, 'Cash Payment', '', 1, 1, '', '', '0001', '', '', '0001', '', '', 'a:1:{i:0;s:1:"3";}', -1, 1, 1, NULL),
(10, 'Bank Receipt', '', 1, 4, '', '', '0001', '', '', '0001', '', 'a:1:{i:0;s:2:"29";}', '', -1, 1, 1, NULL),
(11, 'Bank Payment', '', 1, 5, '', '', '0001', '', '', '0001', '', '', 'a:1:{i:0;s:2:"29";}', -1, 1, 1, NULL),
(13, 'Sale', '', 1, 13, '<table border="1" cellpadding="0" cellspacing="0" style="height:645px; width:801px">\r\n    <tbody>\r\n        <tr>\r\n            <td style="height:25px; width:322px">\r\n            <p>Tax payers Identification No : 32090935735</p>\r\n            </td>\r\n            <td style="height:25px; width:322px">\r\n            <p style="text-align:right">Central Sales Tax Reg.No.: 32090935735 C</p>\r\n            </td>\r\n        </tr>\r\n        <tr>\r\n            <td style="height:25px; width:322px">\r\n            <p>CENTRAL EXCISE REGN.No :</p>\r\n            </td>\r\n            <td style="height:25px; width:322px">\r\n            <p>&nbsp;</p>\r\n            </td>\r\n        </tr>\r\n        <tr>\r\n            <td style="height:25px; width:322px">\r\n            <p>SSI / MSI / LSI Regn.No.:</p>\r\n            </td>\r\n            <td style="height:25px; width:322px">\r\n            <p>&nbsp;</p>\r\n            </td>\r\n        </tr>\r\n        <tr>\r\n            <td colspan="2" style="height:139px; width:645px">\r\n            <p style="text-align:center"><span style="font-size:16px"><strong>Organization Name.</strong></span><br />\r\n            Door N.XIV/513, Kamblichungam,, Thekkedesam -P.O., Chittur.,Palakkad, Kerala- 678553<br />\r\n            THE KERALA VALUE ADDED TAX RULES, 2005<br />\r\n            <br />\r\n            <strong><span style="font-size:16px">FORM NO. 8</span></strong><br />\r\n            [See rule 58(10)]</p>\r\n            </td>\r\n        </tr>\r\n        <tr>\r\n            <td colspan="2" style="height:71px; width:645px">\r\n            <p style="text-align:center"><span style="font-size:16px"><strong>TAX INVOICE</strong></span><br />\r\n            CASH / CREDIT<br />\r\n            (To be Prepared in Quadruplicate*)</p>\r\n            </td>\r\n        </tr>\r\n        <tr>\r\n            <td style="height:23px; width:322px">\r\n            <p><strong>Invoice No.: 72</strong></p>\r\n            </td>\r\n            <td style="height:23px; width:322px">\r\n            <p style="text-align:right"><strong>Date :16-Nov-2013 </strong></p>\r\n            </td>\r\n        </tr>\r\n        <tr>\r\n            <td style="height:23px; width:322px">\r\n            <p><strong>Purchase order No.&amp; Date :</strong></p>\r\n            </td>\r\n            <td style="height:23px; width:322px">\r\n            <p style="text-align:right">&nbsp;</p>\r\n            </td>\r\n        </tr>\r\n        <tr>\r\n            <td style="height:71px; width:322px">\r\n            <p><strong>Name &amp; Address of Purchasing Dealer :</strong></p>\r\n\r\n            <p>Sri Mari Traders , 130, Melapulivard Road,<br />\r\n            Mailam Chandai - 1(C), Tamil Nadu.</p>\r\n            </td>\r\n            <td style="height:71px; width:322px">\r\n            <p style="text-align:right">&nbsp;</p>\r\n            </td>\r\n        </tr>\r\n        <tr>\r\n            <td style="height:23px; width:322px">\r\n            <p>TIN : 33113422385</p>\r\n            </td>\r\n            <td style="height:23px; width:322px">\r\n            <p style="text-align:right">Central Sales Tax Reg.No.: 204622</p>\r\n            </td>\r\n        </tr>\r\n    </tbody>\r\n</table>\r\n', '', '0001', 'pk', '2014', '0001', '/', 'a:1:{i:0;s:1:"3";}', 'a:1:{i:0;s:2:"61";}', 1, 2, 1, NULL),
(14, 'Purchase', '', 1, 14, '', '', '0001', '', '', '0001', '', 'a:1:{i:0;s:1:"3";}', 'a:1:{i:0;s:2:"62";}', -1, 2, 1, NULL),
(15, 'sdf', '', 1, 1, '', '', '001', '', '', '001', '', 'a:1:{i:0;s:1:"3";}', '', -1, 1, 1, NULL),
(238, 'Cash Receipt', '', 2, 2, '', '', '0001', '', '', '0001', '', 'a:1:{i:0;s:1:"3";}', '', -1, 1, 1, NULL),
(239, 'Cash Payment', '', 2, 1, '', '', '0001', '', '', '0001', '', '', 'a:1:{i:0;s:1:"3";}', -1, 1, 1, NULL),
(240, 'Bank Receipt', '', 2, 4, '', '', '0001', '', '', '0001', '', 'a:1:{i:0;s:2:"29";}', '', -1, 1, 1, NULL),
(241, 'Bank Payment', '', 2, 5, '', '', '0001', '', '', '0001', '', '', 'a:1:{i:0;s:2:"29";}', -1, 1, 1, NULL),
(242, 'Sale', '', 2, 13, '<table border="1" cellpadding="0" cellspacing="0" style="height:645px; width:801px">\r\n    <tbody>\r\n        <tr>\r\n            <td style="height:25px; width:322px">\r\n            <p>Tax payers Identification No : 32090935735</p>\r\n            </td>\r\n            <td style="height:25px; width:322px">\r\n            <p style="text-align:right">Central Sales Tax Reg.No.: 32090935735 C</p>\r\n            </td>\r\n        </tr>\r\n        <tr>\r\n            <td style="height:25px; width:322px">\r\n            <p>CENTRAL EXCISE REGN.No :</p>\r\n            </td>\r\n            <td style="height:25px; width:322px">\r\n            <p>&nbsp;</p>\r\n            </td>\r\n        </tr>\r\n        <tr>\r\n            <td style="height:25px; width:322px">\r\n            <p>SSI / MSI / LSI Regn.No.:</p>\r\n            </td>\r\n            <td style="height:25px; width:322px">\r\n            <p>&nbsp;</p>\r\n            </td>\r\n        </tr>\r\n        <tr>\r\n            <td colspan="2" style="height:139px; width:645px">\r\n            <p style="text-align:center"><span style="font-size:16px"><strong>Organization Name.</strong></span><br />\r\n            Door N.XIV/513, Kamblichungam,, Thekkedesam -P.O., Chittur.,Palakkad, Kerala- 678553<br />\r\n            THE KERALA VALUE ADDED TAX RULES, 2005<br />\r\n            <br />\r\n            <strong><span style="font-size:16px">FORM NO. 8</span></strong><br />\r\n            [See rule 58(10)]</p>\r\n            </td>\r\n        </tr>\r\n        <tr>\r\n            <td colspan="2" style="height:71px; width:645px">\r\n            <p style="text-align:center"><span style="font-size:16px"><strong>TAX INVOICE</strong></span><br />\r\n            CASH / CREDIT<br />\r\n            (To be Prepared in Quadruplicate*)</p>\r\n            </td>\r\n        </tr>\r\n        <tr>\r\n            <td style="height:23px; width:322px">\r\n            <p><strong>Invoice No.: 72</strong></p>\r\n            </td>\r\n            <td style="height:23px; width:322px">\r\n            <p style="text-align:right"><strong>Date :16-Nov-2013 </strong></p>\r\n            </td>\r\n        </tr>\r\n        <tr>\r\n            <td style="height:23px; width:322px">\r\n            <p><strong>Purchase order No.&amp; Date :</strong></p>\r\n            </td>\r\n            <td style="height:23px; width:322px">\r\n            <p style="text-align:right">&nbsp;</p>\r\n            </td>\r\n        </tr>\r\n        <tr>\r\n            <td style="height:71px; width:322px">\r\n            <p><strong>Name &amp; Address of Purchasing Dealer :</strong></p>\r\n\r\n            <p>Sri Mari Traders , 130, Melapulivard Road,<br />\r\n            Mailam Chandai - 1(C), Tamil Nadu.</p>\r\n            </td>\r\n            <td style="height:71px; width:322px">\r\n            <p style="text-align:right">&nbsp;</p>\r\n            </td>\r\n        </tr>\r\n        <tr>\r\n            <td style="height:23px; width:322px">\r\n            <p>TIN : 33113422385</p>\r\n            </td>\r\n            <td style="height:23px; width:322px">\r\n            <p style="text-align:right">Central Sales Tax Reg.No.: 204622</p>\r\n            </td>\r\n        </tr>\r\n    </tbody>\r\n</table>\r\n', '', '0001', 'pk', '2014', '0001', '/', 'a:1:{i:0;s:1:"3";}', 'a:1:{i:0;s:2:"61";}', 1, 2, 1, NULL),
(243, 'Purchase', '', 2, 14, '', '', '0001', '', '', '0001', '', 'a:1:{i:0;s:1:"3";}', 'a:1:{i:0;s:2:"62";}', -1, 2, 1, NULL),
(244, 'sdf', '', 2, 1, '', '', '001', '', '', '001', '', 'a:1:{i:0;s:1:"3";}', '', -1, 1, 1, NULL),
(245, 'Vazhipadu', '', 2, 2, '', '', '0001', '', '', '0001', '', '3', '2', -1, -1, 2, 1),
(253, 'Cash Receipt', '', 3, 2, '', '', '0001', '', '', '0001', '', 'a:1:{i:0;s:1:"3";}', '', -1, 1, 1, NULL),
(254, 'Cash Payment', '', 3, 1, '', '', '0001', '', '', '0001', '', '', 'a:1:{i:0;s:1:"3";}', -1, 1, 1, NULL),
(255, 'Bank Receipt', '', 3, 4, '', '', '0001', '', '', '0001', '', 'a:1:{i:0;s:2:"29";}', '', -1, 1, 1, NULL),
(256, 'Bank Payment', '', 3, 5, '', '', '0001', '', '', '0001', '', '', 'a:1:{i:0;s:2:"29";}', -1, 1, 1, NULL),
(257, 'Sale', '', 3, 13, '<table border="1" cellpadding="0" cellspacing="0" style="height:645px; width:801px">\r\n    <tbody>\r\n        <tr>\r\n            <td style="height:25px; width:322px">\r\n            <p>Tax payers Identification No : 32090935735</p>\r\n            </td>\r\n            <td style="height:25px; width:322px">\r\n            <p style="text-align:right">Central Sales Tax Reg.No.: 32090935735 C</p>\r\n            </td>\r\n        </tr>\r\n        <tr>\r\n            <td style="height:25px; width:322px">\r\n            <p>CENTRAL EXCISE REGN.No :</p>\r\n            </td>\r\n            <td style="height:25px; width:322px">\r\n            <p>&nbsp;</p>\r\n            </td>\r\n        </tr>\r\n        <tr>\r\n            <td style="height:25px; width:322px">\r\n            <p>SSI / MSI / LSI Regn.No.:</p>\r\n            </td>\r\n            <td style="height:25px; width:322px">\r\n            <p>&nbsp;</p>\r\n            </td>\r\n        </tr>\r\n        <tr>\r\n            <td colspan="2" style="height:139px; width:645px">\r\n            <p style="text-align:center"><span style="font-size:16px"><strong>Organization Name.</strong></span><br />\r\n            Door N.XIV/513, Kamblichungam,, Thekkedesam -P.O., Chittur.,Palakkad, Kerala- 678553<br />\r\n            THE KERALA VALUE ADDED TAX RULES, 2005<br />\r\n            <br />\r\n            <strong><span style="font-size:16px">FORM NO. 8</span></strong><br />\r\n            [See rule 58(10)]</p>\r\n            </td>\r\n        </tr>\r\n        <tr>\r\n            <td colspan="2" style="height:71px; width:645px">\r\n            <p style="text-align:center"><span style="font-size:16px"><strong>TAX INVOICE</strong></span><br />\r\n            CASH / CREDIT<br />\r\n            (To be Prepared in Quadruplicate*)</p>\r\n            </td>\r\n        </tr>\r\n        <tr>\r\n            <td style="height:23px; width:322px">\r\n            <p><strong>Invoice No.: 72</strong></p>\r\n            </td>\r\n            <td style="height:23px; width:322px">\r\n            <p style="text-align:right"><strong>Date :16-Nov-2013 </strong></p>\r\n            </td>\r\n        </tr>\r\n        <tr>\r\n            <td style="height:23px; width:322px">\r\n            <p><strong>Purchase order No.&amp; Date :</strong></p>\r\n            </td>\r\n            <td style="height:23px; width:322px">\r\n            <p style="text-align:right">&nbsp;</p>\r\n            </td>\r\n        </tr>\r\n        <tr>\r\n            <td style="height:71px; width:322px">\r\n            <p><strong>Name &amp; Address of Purchasing Dealer :</strong></p>\r\n\r\n            <p>Sri Mari Traders , 130, Melapulivard Road,<br />\r\n            Mailam Chandai - 1(C), Tamil Nadu.</p>\r\n            </td>\r\n            <td style="height:71px; width:322px">\r\n            <p style="text-align:right">&nbsp;</p>\r\n            </td>\r\n        </tr>\r\n        <tr>\r\n            <td style="height:23px; width:322px">\r\n            <p>TIN : 33113422385</p>\r\n            </td>\r\n            <td style="height:23px; width:322px">\r\n            <p style="text-align:right">Central Sales Tax Reg.No.: 204622</p>\r\n            </td>\r\n        </tr>\r\n    </tbody>\r\n</table>\r\n', '', '0001', 'pk', '2014', '0001', '/', 'a:1:{i:0;s:1:"3";}', 'a:1:{i:0;s:2:"61";}', 1, 2, 1, NULL),
(258, 'Purchase', '', 3, 14, '', '', '0001', '', '', '0001', '', 'a:1:{i:0;s:1:"3";}', 'a:1:{i:0;s:2:"62";}', -1, 2, 1, NULL),
(259, 'sdf', '', 3, 1, '', '', '001', '', '', '001', '', 'a:1:{i:0;s:1:"3";}', '', -1, 1, 1, NULL),
(260, 'Vazhipadu', '', 3, 2, '', '', '0001', '', '', '0001', '', '3', '2', -1, -1, 2, 1),
(268, 'Cash Receipt', '', 4, 2, '', '', '0001', '', '', '0001', '', 'a:1:{i:0;s:1:"3";}', '', -1, 1, 1, NULL),
(269, 'Cash Payment', '', 4, 1, '', '', '0001', '', '', '0001', '', '', 'a:1:{i:0;s:1:"3";}', -1, 1, 1, NULL),
(270, 'Bank Receipt', '', 4, 4, '', '', '0001', '', '', '0001', '', 'a:1:{i:0;s:2:"29";}', '', -1, 1, 1, NULL),
(271, 'Bank Payment', '', 4, 5, '', '', '0001', '', '', '0001', '', '', 'a:1:{i:0;s:2:"29";}', -1, 1, 1, NULL),
(272, 'Sale', '', 4, 13, '<table border="1" cellpadding="0" cellspacing="0" style="height:645px; width:801px">\r\n    <tbody>\r\n        <tr>\r\n            <td style="height:25px; width:322px">\r\n            <p>Tax payers Identification No : 32090935735</p>\r\n            </td>\r\n            <td style="height:25px; width:322px">\r\n            <p style="text-align:right">Central Sales Tax Reg.No.: 32090935735 C</p>\r\n            </td>\r\n        </tr>\r\n        <tr>\r\n            <td style="height:25px; width:322px">\r\n            <p>CENTRAL EXCISE REGN.No :</p>\r\n            </td>\r\n            <td style="height:25px; width:322px">\r\n            <p>&nbsp;</p>\r\n            </td>\r\n        </tr>\r\n        <tr>\r\n            <td style="height:25px; width:322px">\r\n            <p>SSI / MSI / LSI Regn.No.:</p>\r\n            </td>\r\n            <td style="height:25px; width:322px">\r\n            <p>&nbsp;</p>\r\n            </td>\r\n        </tr>\r\n        <tr>\r\n            <td colspan="2" style="height:139px; width:645px">\r\n            <p style="text-align:center"><span style="font-size:16px"><strong>Organization Name.</strong></span><br />\r\n            Door N.XIV/513, Kamblichungam,, Thekkedesam -P.O., Chittur.,Palakkad, Kerala- 678553<br />\r\n            THE KERALA VALUE ADDED TAX RULES, 2005<br />\r\n            <br />\r\n            <strong><span style="font-size:16px">FORM NO. 8</span></strong><br />\r\n            [See rule 58(10)]</p>\r\n            </td>\r\n        </tr>\r\n        <tr>\r\n            <td colspan="2" style="height:71px; width:645px">\r\n            <p style="text-align:center"><span style="font-size:16px"><strong>TAX INVOICE</strong></span><br />\r\n            CASH / CREDIT<br />\r\n            (To be Prepared in Quadruplicate*)</p>\r\n            </td>\r\n        </tr>\r\n        <tr>\r\n            <td style="height:23px; width:322px">\r\n            <p><strong>Invoice No.: 72</strong></p>\r\n            </td>\r\n            <td style="height:23px; width:322px">\r\n            <p style="text-align:right"><strong>Date :16-Nov-2013 </strong></p>\r\n            </td>\r\n        </tr>\r\n        <tr>\r\n            <td style="height:23px; width:322px">\r\n            <p><strong>Purchase order No.&amp; Date :</strong></p>\r\n            </td>\r\n            <td style="height:23px; width:322px">\r\n            <p style="text-align:right">&nbsp;</p>\r\n            </td>\r\n        </tr>\r\n        <tr>\r\n            <td style="height:71px; width:322px">\r\n            <p><strong>Name &amp; Address of Purchasing Dealer :</strong></p>\r\n\r\n            <p>Sri Mari Traders , 130, Melapulivard Road,<br />\r\n            Mailam Chandai - 1(C), Tamil Nadu.</p>\r\n            </td>\r\n            <td style="height:71px; width:322px">\r\n            <p style="text-align:right">&nbsp;</p>\r\n            </td>\r\n        </tr>\r\n        <tr>\r\n            <td style="height:23px; width:322px">\r\n            <p>TIN : 33113422385</p>\r\n            </td>\r\n            <td style="height:23px; width:322px">\r\n            <p style="text-align:right">Central Sales Tax Reg.No.: 204622</p>\r\n            </td>\r\n        </tr>\r\n    </tbody>\r\n</table>\r\n', '', '0001', 'pk', '2014', '0001', '/', 'a:1:{i:0;s:1:"3";}', 'a:1:{i:0;s:2:"61";}', 1, 2, 1, NULL),
(273, 'Purchase', '', 4, 14, '', '', '0001', '', '', '0001', '', 'a:1:{i:0;s:1:"3";}', 'a:1:{i:0;s:2:"62";}', -1, 2, 1, NULL),
(274, 'sdf', '', 4, 1, '', '', '001', '', '', '001', '', 'a:1:{i:0;s:1:"3";}', '', -1, 1, 1, NULL),
(275, 'Vazhipadu', '', 4, 2, '', '', '0001', '', '', '0001', '', '3', '2', -1, -1, 2, 1);

-- --------------------------------------------------------

--
-- Table structure for table `voucher_master`
--

CREATE TABLE IF NOT EXISTS `voucher_master` (
  `voucher_master_id` int(11) NOT NULL AUTO_INCREMENT,
  `voucher_master_name` varchar(250) NOT NULL,
  `status` tinyint(1) NOT NULL DEFAULT '2' COMMENT '1 for active ,2 for inactive',
  PRIMARY KEY (`voucher_master_id`)
) ENGINE=MyISAM  DEFAULT CHARSET=utf8 AUTO_INCREMENT=25 ;

--
-- Dumping data for table `voucher_master`
--

INSERT INTO `voucher_master` (`voucher_master_id`, `voucher_master_name`, `status`) VALUES
(1, 'Cash Payment', 1),
(2, 'Cash Receipt', 1),
(3, 'Cash Receipt Note', 2),
(4, 'Bank Receipt', 1),
(5, 'Bank Payment', 1),
(6, 'Sales Return', 2),
(7, 'Purchase Return', 2),
(8, 'Stock IN', 2),
(9, 'Delivery Note', 1),
(10, 'Receipt Note', 1),
(11, 'Journel', 2),
(12, 'Stock Out', 2),
(13, 'Sales', 1),
(14, 'Purchase', 1);

/*!40101 SET CHARACTER_SET_CLIENT=@OLD_CHARACTER_SET_CLIENT */;
/*!40101 SET CHARACTER_SET_RESULTS=@OLD_CHARACTER_SET_RESULTS */;
/*!40101 SET COLLATION_CONNECTION=@OLD_COLLATION_CONNECTION */;
