-- phpMyAdmin SQL Dump
-- version 3.4.10.1
-- http://www.phpmyadmin.net
--
-- Host: localhost
-- Generation Time: Jun 25, 2014 at 05:16 AM
-- Server version: 5.5.20
-- PHP Version: 5.3.10

SET SQL_MODE="NO_AUTO_VALUE_ON_ZERO";
SET time_zone = "+00:00";


/*!40101 SET @OLD_CHARACTER_SET_CLIENT=@@CHARACTER_SET_CLIENT */;
/*!40101 SET @OLD_CHARACTER_SET_RESULTS=@@CHARACTER_SET_RESULTS */;
/*!40101 SET @OLD_COLLATION_CONNECTION=@@COLLATION_CONNECTION */;
/*!40101 SET NAMES utf8 */;

--
-- Database: `temple_soft`
--

DELIMITER $$
--
-- Functions
--
CREATE DEFINER=`root`@`localhost` FUNCTION `GET_NEXT_VOUCHER_NUMBER`(vid INT) RETURNS int(11)
    DETERMINISTIC
BEGIN
DECLARE next_voucher_number INT(11);
	SELECT IF (EXISTS ( SELECT 1 FROM account_master WHERE voucher_type_id = vid),
(SELECT MAX(voucher_number)+1 FROM account_master WHERE voucher_type_id = vid) ,
(SELECT series_start FROM voucher WHERE voucher_id = vid)) INTO next_voucher_number ;

	RETURN next_voucher_number;
END$$

DELIMITER ;

-- --------------------------------------------------------

--
-- Table structure for table `account_master`
--

CREATE TABLE IF NOT EXISTS `account_master` (
  `account_id` int(11) NOT NULL AUTO_INCREMENT,
  `voucher_number` int(11) NOT NULL,
  `voucher_type_id` int(11) NOT NULL,
  `fy_id` int(11) NOT NULL,
  `reference_number` varchar(125) NOT NULL,
  `account_from` int(11) NOT NULL,
  `account_to` int(11) NOT NULL,
  `account_debit` double(25,2) NOT NULL,
  `account_credit` double(25,2) NOT NULL,
  `date` date NOT NULL,
  `narration` text NOT NULL,
  `ref_ledger` int(11) NOT NULL,
  `deleted` tinyint(4) NOT NULL DEFAULT '1' COMMENT '2 for deleted,1 not deleted',
  PRIMARY KEY (`account_id`),
  UNIQUE KEY `UNIQUE` (`voucher_number`,`voucher_type_id`,`ref_ledger`)
) ENGINE=InnoDB  DEFAULT CHARSET=utf8 AUTO_INCREMENT=209 ;

--
-- Dumping data for table `account_master`
--

INSERT INTO `account_master` (`account_id`, `voucher_number`, `voucher_type_id`, `fy_id`, `reference_number`, `account_from`, `account_to`, `account_debit`, `account_credit`, `date`, `narration`, `ref_ledger`, `deleted`) VALUES
(1, 1, 1, 1, '', 1, 12, 2000.00, 0.00, '2014-06-06', '', 1, 1),
(2, 1, 1, 1, '', 1, 12, 0.00, 2000.00, '2014-06-06', '', 12, 1),
(3, 1, 5, 1, '', 135, 4, 500.00, 0.00, '2014-06-06', '', 135, 1),
(4, 1, 5, 1, '', 135, 4, 0.00, 500.00, '2014-06-06', '', 4, 1),
(5, 2, 1, 1, '', 1, 14, 500.00, 0.00, '2014-06-10', '', 1, 1),
(6, 2, 1, 1, '', 1, 14, 0.00, 500.00, '2014-06-10', '', 14, 1),
(7, 3, 1, 1, '', 1, 21, 50.00, 0.00, '2014-06-10', '', 1, 1),
(8, 3, 1, 1, '', 1, 21, 0.00, 50.00, '2014-06-10', '', 21, 1),
(9, 4, 1, 1, '', 1, 21, 50.00, 0.00, '2014-06-10', '', 1, 1),
(10, 4, 1, 1, '', 1, 21, 0.00, 50.00, '2014-06-10', '', 21, 1),
(11, 5, 1, 1, '', 1, 27, 50.00, 0.00, '2014-06-10', '', 1, 1),
(12, 5, 1, 1, '', 1, 27, 0.00, 50.00, '2014-06-10', '', 27, 1),
(13, 6, 1, 1, '', 1, 12, 20.00, 0.00, '2014-06-10', '', 1, 1),
(14, 6, 1, 1, '', 1, 12, 0.00, 20.00, '2014-06-10', '', 12, 1),
(15, 7, 1, 1, '', 1, 12, 40.00, 0.00, '2014-06-10', '', 1, 1),
(16, 7, 1, 1, '', 1, 12, 0.00, 40.00, '2014-06-10', '', 12, 1),
(17, 8, 1, 1, '', 1, 12, 20.00, 0.00, '2014-06-10', '', 1, 1),
(18, 8, 1, 1, '', 1, 12, 0.00, 20.00, '2014-06-10', '', 12, 1),
(19, 9, 1, 1, '', 1, 13, 500.00, 0.00, '2014-06-10', '', 1, 1),
(20, 9, 1, 1, '', 1, 13, 0.00, 500.00, '2014-06-10', '', 13, 1),
(21, 10, 1, 1, '', 1, 12, 20.00, 0.00, '2014-06-10', '', 1, 1),
(22, 10, 1, 1, '', 1, 12, 0.00, 20.00, '2014-06-10', '', 12, 1),
(23, 11, 1, 1, '', 1, 13, 1000.00, 0.00, '2014-06-10', '', 1, 1),
(24, 11, 1, 1, '', 1, 13, 0.00, 1000.00, '2014-06-10', '', 13, 1),
(25, 12, 1, 1, '', 1, 18, 500.00, 0.00, '2014-06-10', '', 1, 1),
(26, 12, 1, 1, '', 1, 18, 0.00, 500.00, '2014-06-10', '', 18, 1),
(27, 13, 1, 1, '', 1, 20, 50.00, 0.00, '2014-06-10', '', 1, 1),
(28, 13, 1, 1, '', 1, 20, 0.00, 50.00, '2014-06-10', '', 20, 1),
(29, 14, 1, 1, '', 1, 17, 50.00, 0.00, '2014-06-10', '', 1, 1),
(30, 14, 1, 1, '', 1, 17, 0.00, 50.00, '2014-06-10', '', 17, 1),
(31, 15, 1, 1, '', 1, 22, 50.00, 0.00, '2014-06-10', '', 1, 1),
(32, 15, 1, 1, '', 1, 22, 0.00, 50.00, '2014-06-10', '', 22, 1),
(33, 16, 1, 1, '', 1, 20, 50.00, 0.00, '2014-06-10', '', 1, 1),
(34, 16, 1, 1, '', 1, 20, 0.00, 50.00, '2014-06-10', '', 20, 1),
(35, 17, 1, 1, '', 1, 57, 200.00, 0.00, '2014-06-10', '', 1, 1),
(36, 17, 1, 1, '', 1, 57, 0.00, 200.00, '2014-06-10', '', 57, 1),
(37, 18, 1, 1, '', 1, 29, 50.00, 0.00, '2014-06-10', '', 1, 1),
(38, 18, 1, 1, '', 1, 29, 0.00, 50.00, '2014-06-10', '', 29, 1),
(39, 19, 1, 1, '', 1, 55, 100.00, 0.00, '2014-06-10', '', 1, 1),
(40, 19, 1, 1, '', 1, 55, 0.00, 100.00, '2014-06-10', '', 55, 1),
(41, 20, 1, 1, '', 1, 46, 120.00, 0.00, '2014-06-10', '', 1, 1),
(42, 20, 1, 1, '', 1, 46, 0.00, 120.00, '2014-06-10', '', 46, 1),
(43, 21, 1, 1, '', 1, 22, 150.00, 0.00, '2014-06-10', '', 1, 1),
(44, 21, 1, 1, '', 1, 22, 0.00, 150.00, '2014-06-10', '', 22, 1),
(45, 22, 1, 1, '', 1, 16, 100.00, 0.00, '2014-06-10', '', 1, 1),
(46, 22, 1, 1, '', 1, 16, 0.00, 100.00, '2014-06-10', '', 16, 1),
(47, 23, 1, 1, '', 1, 17, 1100.00, 0.00, '2014-06-10', '', 1, 1),
(48, 23, 1, 1, '', 1, 17, 0.00, 1100.00, '2014-06-10', '', 17, 1),
(49, 24, 1, 1, '', 1, 55, 100.00, 0.00, '2014-06-10', '', 1, 1),
(50, 24, 1, 1, '', 1, 55, 0.00, 100.00, '2014-06-10', '', 55, 1),
(51, 25, 1, 1, '', 1, 82, 55.00, 0.00, '2014-06-10', '', 1, 1),
(52, 25, 1, 1, '', 1, 82, 0.00, 55.00, '2014-06-10', '', 82, 1),
(53, 26, 1, 1, '', 1, 65, 300.00, 0.00, '2014-06-10', '', 1, 1),
(54, 26, 1, 1, '', 1, 65, 0.00, 300.00, '2014-06-10', '', 65, 1),
(55, 27, 1, 1, '', 1, 29, 300.00, 0.00, '2014-06-10', '', 1, 1),
(56, 27, 1, 1, '', 1, 29, 0.00, 300.00, '2014-06-10', '', 29, 1),
(57, 28, 1, 1, '', 1, 19, 50.00, 0.00, '2014-06-10', '', 1, 1),
(58, 28, 1, 1, '', 1, 19, 0.00, 50.00, '2014-06-10', '', 19, 1),
(59, 29, 1, 1, '', 1, 19, 50.00, 0.00, '2014-06-10', '', 1, 1),
(60, 29, 1, 1, '', 1, 19, 0.00, 50.00, '2014-06-10', '', 19, 1),
(61, 30, 1, 1, '', 1, 56, 100.00, 0.00, '2014-06-10', '', 1, 1),
(62, 30, 1, 1, '', 1, 56, 0.00, 100.00, '2014-06-10', '', 56, 1),
(63, 31, 1, 1, '', 1, 90, 20.00, 0.00, '2014-06-10', '', 1, 1),
(64, 31, 1, 1, '', 1, 90, 0.00, 20.00, '2014-06-10', '', 90, 1),
(65, 32, 1, 1, '', 1, 64, 10.00, 0.00, '2014-06-10', '', 1, 1),
(66, 32, 1, 1, '', 1, 64, 0.00, 10.00, '2014-06-10', '', 64, 1),
(67, 33, 1, 1, '', 1, 52, 100.00, 0.00, '2014-06-10', '', 1, 1),
(68, 33, 1, 1, '', 1, 52, 0.00, 100.00, '2014-06-10', '', 52, 1),
(69, 34, 1, 1, '', 1, 53, 100.00, 0.00, '2014-06-10', '', 1, 1),
(70, 34, 1, 1, '', 1, 53, 0.00, 100.00, '2014-06-10', '', 53, 1),
(71, 35, 1, 1, '', 1, 71, 75.00, 0.00, '2014-06-10', '', 1, 1),
(72, 35, 1, 1, '', 1, 71, 0.00, 75.00, '2014-06-10', '', 71, 1),
(73, 36, 1, 1, '', 1, 56, 200.00, 0.00, '2014-06-10', '', 1, 1),
(74, 36, 1, 1, '', 1, 56, 0.00, 200.00, '2014-06-10', '', 56, 1),
(75, 37, 1, 1, '', 1, 48, 50.00, 0.00, '2014-06-10', '', 1, 1),
(76, 37, 1, 1, '', 1, 48, 0.00, 50.00, '2014-06-10', '', 48, 1),
(77, 38, 1, 1, '', 1, 60, 200.00, 0.00, '2014-06-10', '', 1, 1),
(78, 38, 1, 1, '', 1, 60, 0.00, 200.00, '2014-06-10', '', 60, 1),
(79, 39, 1, 1, '', 1, 133, 10.00, 0.00, '2014-06-10', '', 1, 1),
(80, 39, 1, 1, '', 1, 133, 0.00, 10.00, '2014-06-10', '', 133, 1),
(81, 40, 1, 1, '', 1, 132, 5.00, 0.00, '2014-06-10', '', 1, 1),
(82, 40, 1, 1, '', 1, 132, 0.00, 5.00, '2014-06-10', '', 132, 1),
(83, 41, 1, 1, '', 1, 12, 20.00, 0.00, '2014-06-10', '', 1, 1),
(84, 41, 1, 1, '', 1, 12, 0.00, 20.00, '2014-06-10', '', 12, 1),
(85, 42, 1, 1, '', 1, 131, 600.00, 0.00, '2014-06-10', '', 1, 1),
(86, 42, 1, 1, '', 1, 131, 0.00, 600.00, '2014-06-10', '', 131, 1),
(87, 43, 1, 1, '', 1, 130, 100.00, 0.00, '2014-06-10', '', 1, 1),
(88, 43, 1, 1, '', 1, 130, 0.00, 100.00, '2014-06-10', '', 130, 1),
(89, 44, 1, 1, '', 1, 130, 150.00, 0.00, '2014-06-10', '', 1, 1),
(90, 44, 1, 1, '', 1, 130, 0.00, 150.00, '2014-06-10', '', 130, 1),
(91, 45, 1, 1, '', 1, 129, 250.00, 0.00, '2014-06-10', '', 1, 1),
(92, 45, 1, 1, '', 1, 129, 0.00, 250.00, '2014-06-10', '', 129, 1),
(93, 46, 1, 1, '', 1, 127, 600.00, 0.00, '2014-06-10', '', 1, 1),
(94, 46, 1, 1, '', 1, 127, 0.00, 600.00, '2014-06-10', '', 127, 1),
(95, 47, 1, 1, '', 1, 128, 70.00, 0.00, '2014-06-10', '', 1, 1),
(96, 47, 1, 1, '', 1, 128, 0.00, 70.00, '2014-06-10', '', 128, 1),
(97, 48, 1, 1, '', 1, 127, 100.00, 0.00, '2014-06-10', '', 1, 1),
(98, 48, 1, 1, '', 1, 127, 0.00, 100.00, '2014-06-10', '', 127, 1),
(99, 49, 1, 1, '', 1, 126, 80.00, 0.00, '2014-06-10', '', 1, 1),
(100, 49, 1, 1, '', 1, 126, 0.00, 80.00, '2014-06-10', '', 126, 1),
(101, 50, 1, 1, '', 1, 126, 80.00, 0.00, '2014-06-10', '', 1, 1),
(102, 50, 1, 1, '', 1, 126, 0.00, 80.00, '2014-06-10', '', 126, 1),
(103, 51, 1, 1, '', 1, 125, 50.00, 0.00, '2014-06-10', '', 1, 1),
(104, 51, 1, 1, '', 1, 125, 0.00, 50.00, '2014-06-10', '', 125, 1),
(105, 52, 1, 1, '', 1, 124, 200.00, 0.00, '2014-06-10', '', 1, 1),
(106, 52, 1, 1, '', 1, 124, 0.00, 200.00, '2014-06-10', '', 124, 1),
(107, 53, 1, 1, '', 1, 123, 150.00, 0.00, '2014-06-10', '', 1, 1),
(108, 53, 1, 1, '', 1, 123, 0.00, 150.00, '2014-06-10', '', 123, 1),
(109, 54, 1, 1, '', 1, 123, 50.00, 0.00, '2014-06-10', '', 1, 1),
(110, 54, 1, 1, '', 1, 123, 0.00, 50.00, '2014-06-10', '', 123, 1),
(111, 55, 1, 1, '', 1, 122, 50.00, 0.00, '2014-06-10', '', 1, 1),
(112, 55, 1, 1, '', 1, 122, 0.00, 50.00, '2014-06-10', '', 122, 1),
(113, 56, 1, 1, '', 1, 121, 50.00, 0.00, '2014-06-10', '', 1, 1),
(114, 56, 1, 1, '', 1, 121, 0.00, 50.00, '2014-06-10', '', 121, 1),
(115, 57, 1, 1, '', 1, 120, 50.00, 0.00, '2014-06-10', '', 1, 1),
(116, 57, 1, 1, '', 1, 120, 0.00, 50.00, '2014-06-10', '', 120, 1),
(117, 58, 1, 1, '', 1, 119, 100.00, 0.00, '2014-06-10', '', 1, 1),
(118, 58, 1, 1, '', 1, 119, 0.00, 100.00, '2014-06-10', '', 119, 1),
(119, 59, 1, 1, '', 1, 119, 100.00, 0.00, '2014-06-10', '', 1, 1),
(120, 59, 1, 1, '', 1, 119, 0.00, 100.00, '2014-06-10', '', 119, 1),
(121, 60, 1, 1, '', 1, 118, 50.00, 0.00, '2014-06-10', '', 1, 1),
(122, 60, 1, 1, '', 1, 118, 0.00, 50.00, '2014-06-10', '', 118, 1),
(123, 61, 1, 1, '', 1, 117, 50.00, 0.00, '2014-06-10', '', 1, 1),
(124, 61, 1, 1, '', 1, 117, 0.00, 50.00, '2014-06-10', '', 117, 1),
(125, 62, 1, 1, '', 1, 116, 50.00, 0.00, '2014-06-10', '', 1, 1),
(126, 62, 1, 1, '', 1, 116, 0.00, 50.00, '2014-06-10', '', 116, 1),
(127, 63, 1, 1, '', 1, 115, 50.00, 0.00, '2014-06-10', '', 1, 1),
(128, 63, 1, 1, '', 1, 115, 0.00, 50.00, '2014-06-10', '', 115, 1),
(129, 64, 1, 1, '', 1, 114, 200.00, 0.00, '2014-06-10', '', 1, 1),
(130, 64, 1, 1, '', 1, 114, 0.00, 200.00, '2014-06-10', '', 114, 1),
(131, 65, 1, 1, '', 1, 113, 15.00, 0.00, '2014-06-10', '', 1, 1),
(132, 65, 1, 1, '', 1, 113, 0.00, 15.00, '2014-06-10', '', 113, 1),
(133, 66, 1, 1, '', 1, 110, 25.00, 0.00, '2014-06-10', '', 1, 1),
(134, 66, 1, 1, '', 1, 110, 0.00, 25.00, '2014-06-10', '', 110, 1),
(135, 67, 1, 1, '', 1, 108, 10.00, 0.00, '2014-06-10', '', 1, 1),
(136, 67, 1, 1, '', 1, 108, 0.00, 10.00, '2014-06-10', '', 108, 1),
(137, 68, 1, 1, '', 1, 53, 100.00, 0.00, '2014-06-10', '', 1, 1),
(138, 68, 1, 1, '', 1, 53, 0.00, 100.00, '2014-06-10', '', 53, 1),
(139, 69, 1, 1, '', 1, 71, 225.00, 0.00, '2014-06-10', '', 1, 1),
(140, 69, 1, 1, '', 1, 71, 0.00, 225.00, '2014-06-10', '', 71, 1),
(141, 70, 1, 1, '', 1, 31, 150.00, 0.00, '2014-06-10', '', 1, 1),
(142, 70, 1, 1, '', 1, 31, 0.00, 150.00, '2014-06-10', '', 31, 1),
(143, 71, 1, 1, '', 1, 45, 50.00, 0.00, '2014-06-10', '', 1, 1),
(144, 71, 1, 1, '', 1, 45, 0.00, 50.00, '2014-06-10', '', 45, 1),
(145, 72, 1, 1, '', 1, 91, 20.00, 0.00, '2014-06-10', '', 1, 1),
(146, 72, 1, 1, '', 1, 91, 0.00, 20.00, '2014-06-10', '', 91, 1),
(147, 73, 1, 1, '', 1, 38, 10.00, 0.00, '2014-06-10', '', 1, 1),
(148, 73, 1, 1, '', 1, 38, 0.00, 10.00, '2014-06-10', '', 38, 1),
(149, 74, 1, 1, '', 1, 14, 500.00, 0.00, '2014-06-10', '', 1, 1),
(150, 74, 1, 1, '', 1, 14, 0.00, 500.00, '2014-06-10', '', 14, 1),
(151, 75, 1, 1, '', 1, 0, 500.00, 0.00, '2014-06-10', '', 1, 1),
(152, 75, 1, 1, '', 1, 0, 0.00, 500.00, '2014-06-10', '', 0, 1),
(153, 76, 1, 1, '', 1, 21, 50.00, 0.00, '2014-06-10', '', 1, 1),
(154, 76, 1, 1, '', 1, 21, 0.00, 50.00, '2014-06-10', '', 21, 1),
(155, 77, 1, 1, '', 1, 24, 50.00, 0.00, '2014-06-10', '', 1, 1),
(156, 77, 1, 1, '', 1, 24, 0.00, 50.00, '2014-06-10', '', 24, 1),
(157, 78, 1, 1, '', 1, 54, 50.00, 0.00, '2014-06-10', '', 1, 1),
(158, 78, 1, 1, '', 1, 54, 0.00, 50.00, '2014-06-10', '', 54, 1),
(159, 79, 1, 1, '', 1, 77, 75.00, 0.00, '2014-06-10', '', 1, 1),
(160, 79, 1, 1, '', 1, 77, 0.00, 75.00, '2014-06-10', '', 77, 1),
(161, 80, 1, 1, '', 1, 97, 20.00, 0.00, '2014-06-10', '', 1, 1),
(162, 80, 1, 1, '', 1, 97, 0.00, 20.00, '2014-06-10', '', 97, 1),
(163, 81, 1, 1, '', 1, 124, 50.00, 0.00, '2014-06-10', '', 1, 1),
(164, 81, 1, 1, '', 1, 124, 0.00, 50.00, '2014-06-10', '', 124, 1),
(165, 82, 1, 1, '', 1, 107, 10.00, 0.00, '2014-06-10', '', 1, 1),
(166, 82, 1, 1, '', 1, 107, 0.00, 10.00, '2014-06-10', '', 107, 1),
(167, 83, 1, 1, '', 1, 88, 800.00, 0.00, '2014-06-10', '', 1, 1),
(168, 83, 1, 1, '', 1, 88, 0.00, 800.00, '2014-06-10', '', 88, 1),
(169, 84, 1, 1, '', 1, 70, 75.00, 0.00, '2014-06-10', '', 1, 1),
(170, 84, 1, 1, '', 1, 70, 0.00, 75.00, '2014-06-10', '', 70, 1),
(171, 85, 1, 1, '', 1, 65, 75.00, 0.00, '2014-06-10', '', 1, 1),
(172, 85, 1, 1, '', 1, 65, 0.00, 75.00, '2014-06-10', '', 65, 1),
(173, 86, 1, 1, '', 1, 64, 10.00, 0.00, '2014-06-10', '', 1, 1),
(174, 86, 1, 1, '', 1, 64, 0.00, 10.00, '2014-06-10', '', 64, 1),
(175, 87, 1, 1, '', 1, 57, 100.00, 0.00, '2014-06-10', '', 1, 1),
(176, 87, 1, 1, '', 1, 57, 0.00, 100.00, '2014-06-10', '', 57, 1),
(177, 88, 1, 1, '', 1, 58, 200.00, 0.00, '2014-06-10', '', 1, 1),
(178, 88, 1, 1, '', 1, 58, 0.00, 200.00, '2014-06-10', '', 58, 1),
(179, 89, 1, 1, '', 1, 61, 10.00, 0.00, '2014-06-10', '', 1, 1),
(180, 89, 1, 1, '', 1, 61, 0.00, 10.00, '2014-06-10', '', 61, 1),
(181, 90, 1, 1, '', 1, 60, 200.00, 0.00, '2014-06-10', '', 1, 1),
(182, 90, 1, 1, '', 1, 60, 0.00, 200.00, '2014-06-10', '', 60, 1),
(183, 91, 1, 1, '', 1, 59, 150.00, 0.00, '2014-06-10', '', 1, 1),
(184, 91, 1, 1, '', 1, 59, 0.00, 150.00, '2014-06-10', '', 59, 1),
(185, 92, 1, 1, '', 1, 0, 150.00, 0.00, '2014-06-10', '', 1, 1),
(186, 92, 1, 1, '', 1, 0, 0.00, 150.00, '2014-06-10', '', 0, 1),
(187, 93, 1, 1, '', 1, 44, 200.00, 0.00, '2014-06-10', '', 1, 1),
(188, 93, 1, 1, '', 1, 44, 0.00, 200.00, '2014-06-10', '', 44, 1),
(189, 94, 1, 1, '', 1, 27, 50.00, 0.00, '2014-06-10', '', 1, 1),
(190, 94, 1, 1, '', 1, 27, 0.00, 50.00, '2014-06-10', '', 27, 1),
(191, 95, 1, 1, '', 1, 0, 50.00, 0.00, '2014-06-10', '', 1, 1),
(192, 95, 1, 1, '', 1, 0, 0.00, 50.00, '2014-06-10', '', 0, 1),
(193, 96, 1, 1, '', 1, 36, 10.00, 0.00, '2014-06-10', '', 1, 1),
(194, 96, 1, 1, '', 1, 36, 0.00, 10.00, '2014-06-10', '', 36, 1),
(195, 97, 1, 1, '', 1, 40, 10.00, 0.00, '2014-06-10', '', 1, 1),
(196, 97, 1, 1, '', 1, 40, 0.00, 10.00, '2014-06-10', '', 40, 1),
(197, 98, 1, 1, '', 1, 45, 50.00, 0.00, '2014-06-10', '', 1, 1),
(198, 98, 1, 1, '', 1, 45, 0.00, 50.00, '2014-06-10', '', 45, 1),
(199, 99, 1, 1, '', 1, 48, 50.00, 0.00, '2014-06-10', '', 1, 1),
(200, 99, 1, 1, '', 1, 48, 0.00, 50.00, '2014-06-10', '', 48, 1),
(201, 100, 1, 1, '', 1, 49, 10.00, 0.00, '2014-06-10', '', 1, 1),
(202, 100, 1, 1, '', 1, 49, 0.00, 10.00, '2014-06-10', '', 49, 1),
(203, 101, 1, 1, '', 1, 67, 15.00, 0.00, '2014-06-10', '', 1, 1),
(204, 101, 1, 1, '', 1, 67, 0.00, 15.00, '2014-06-10', '', 67, 1),
(205, 102, 1, 1, '', 1, 90, 20.00, 0.00, '2014-06-10', '', 1, 1),
(206, 102, 1, 1, '', 1, 90, 0.00, 20.00, '2014-06-10', '', 90, 1),
(207, 103, 1, 1, '', 1, 129, 50.00, 0.00, '2014-06-10', '', 1, 1),
(208, 103, 1, 1, '', 1, 129, 0.00, 50.00, '2014-06-10', '', 129, 1);

-- --------------------------------------------------------

--
-- Table structure for table `account_settings`
--

CREATE TABLE IF NOT EXISTS `account_settings` (
  `id` int(11) NOT NULL AUTO_INCREMENT,
  `current_fy_id` int(11) NOT NULL,
  `default_capital` int(11) DEFAULT NULL,
  `organization_name` text,
  `organization_address` text,
  `tax_payers_id_no` text,
  `central_sales_tax_reg_no` text,
  `central_exise_reg_no` text,
  `reg_no` text NOT NULL,
  PRIMARY KEY (`id`)
) ENGINE=InnoDB  DEFAULT CHARSET=utf8 AUTO_INCREMENT=2 ;

--
-- Dumping data for table `account_settings`
--

INSERT INTO `account_settings` (`id`, `current_fy_id`, `default_capital`, `organization_name`, `organization_address`, `tax_payers_id_no`, `central_sales_tax_reg_no`, `central_exise_reg_no`, `reg_no`) VALUES
(1, 1, 66, 'Sree Hariharasudha Ayyapa Temple', 'Ernakulam', '', '', '', '');

-- --------------------------------------------------------

--
-- Table structure for table `ac_books`
--

CREATE TABLE IF NOT EXISTS `ac_books` (
  `id` int(11) NOT NULL AUTO_INCREMENT,
  `name` varchar(125) NOT NULL,
  `ledgers` text NOT NULL,
  PRIMARY KEY (`id`)
) ENGINE=InnoDB DEFAULT CHARSET=utf8 AUTO_INCREMENT=1 ;

-- --------------------------------------------------------

--
-- Table structure for table `administrators`
--

CREATE TABLE IF NOT EXISTS `administrators` (
  `id` int(11) NOT NULL AUTO_INCREMENT,
  `username` varchar(255) COLLATE utf8_unicode_ci NOT NULL,
  `password` varchar(255) COLLATE utf8_unicode_ci NOT NULL,
  `emailid` text COLLATE utf8_unicode_ci,
  `registrationdate` datetime DEFAULT NULL,
  `lastlogin` datetime DEFAULT NULL,
  `image` text COLLATE utf8_unicode_ci,
  `securityquestion_id` int(11) DEFAULT NULL,
  `answer` text COLLATE utf8_unicode_ci,
  `created` datetime NOT NULL,
  `updated` datetime DEFAULT NULL,
  `record_user_id` int(11) DEFAULT NULL,
  PRIMARY KEY (`id`),
  UNIQUE KEY `username` (`username`),
  KEY `securityquestion_id` (`securityquestion_id`),
  KEY `record_user_id` (`record_user_id`)
) ENGINE=InnoDB  DEFAULT CHARSET=utf8 COLLATE=utf8_unicode_ci AUTO_INCREMENT=2 ;

--
-- Dumping data for table `administrators`
--

INSERT INTO `administrators` (`id`, `username`, `password`, `emailid`, `registrationdate`, `lastlogin`, `image`, `securityquestion_id`, `answer`, `created`, `updated`, `record_user_id`) VALUES
(1, 'admin', '21232f297a57a5a743894a0e4a801fc3', 'rosy.swapna@acube.co', NULL, '2014-03-22 12:00:53', NULL, NULL, NULL, '2013-04-22 00:00:00', NULL, NULL);

-- --------------------------------------------------------

--
-- Table structure for table `customer`
--

CREATE TABLE IF NOT EXISTS `customer` (
  `customer_id` int(11) NOT NULL AUTO_INCREMENT,
  `customer_name` varchar(250) NOT NULL,
  `customer_address` text NOT NULL,
  `customer_phone` varchar(15) NOT NULL,
  `customer_mobile` varchar(15) NOT NULL,
  `customer_fax` varchar(15) NOT NULL,
  `customer_email` varchar(50) NOT NULL,
  `customer_cst_number` varchar(50) NOT NULL,
  `customer_tin_number` varchar(50) NOT NULL,
  `ledger_sub_id` int(11) NOT NULL DEFAULT '-1',
  `deleted` tinyint(1) NOT NULL DEFAULT '1' COMMENT '2 for deleted,1 not deleted',
  PRIMARY KEY (`customer_id`)
) ENGINE=InnoDB DEFAULT CHARSET=utf8 AUTO_INCREMENT=1 ;

-- --------------------------------------------------------

--
-- Table structure for table `form_type`
--

CREATE TABLE IF NOT EXISTS `form_type` (
  `id` int(11) NOT NULL AUTO_INCREMENT,
  `value` varchar(15) NOT NULL,
  `form_variables` varchar(250) NOT NULL,
  PRIMARY KEY (`id`)
) ENGINE=InnoDB  DEFAULT CHARSET=utf8 AUTO_INCREMENT=4 ;

--
-- Dumping data for table `form_type`
--

INSERT INTO `form_type` (`id`, `value`, `form_variables`) VALUES
(1, 'Form8', 'a:15:{i:0;s:1:"1";i:1;s:1:"2";i:2;s:1:"4";i:3;s:1:"5";i:4;s:1:"6";i:5;s:1:"7";i:6;s:1:"8";i:7;s:1:"9";i:8;s:2:"10";i:9;s:2:"11";i:10;s:2:"12";i:11;s:2:"13";i:12;s:2:"14";i:13;s:2:"15";i:14;s:2:"16";}'),
(2, 'Form8B', 'a:11:{i:0;s:1:"1";i:1;s:1:"3";i:2;s:1:"4";i:3;s:1:"6";i:4;s:1:"7";i:5;s:1:"8";i:6;s:2:"11";i:7;s:2:"12";i:8;s:2:"13";i:9;s:2:"14";i:10;s:2:"15";}'),
(3, 'Form8C', 'a:3:{i:0;s:1:"1";i:1;s:1:"2";i:2;s:1:"3";}');

-- --------------------------------------------------------

--
-- Table structure for table `form_variables`
--

CREATE TABLE IF NOT EXISTS `form_variables` (
  `id` int(11) NOT NULL AUTO_INCREMENT,
  `description` varchar(50) NOT NULL,
  PRIMARY KEY (`id`)
) ENGINE=InnoDB  DEFAULT CHARSET=utf8 AUTO_INCREMENT=17 ;

--
-- Dumping data for table `form_variables`
--

INSERT INTO `form_variables` (`id`, `description`) VALUES
(1, 'SlNo'),
(2, 'Schl with entry No.'),
(3, 'Commodity Code'),
(4, 'Commodity'),
(5, 'HSN Code'),
(6, 'Rate of Tax'),
(7, 'Unit Price'),
(8, 'Qty'),
(9, 'Value'),
(10, 'Excise Duty'),
(11, 'Gross Value'),
(12, 'Cash discount'),
(13, 'Net Taxable Value'),
(14, 'Tax in %'),
(15, 'Total'),
(16, 'Qty discount/gifts free etc.');

-- --------------------------------------------------------

--
-- Table structure for table `fy_ledger_sub`
--

CREATE TABLE IF NOT EXISTS `fy_ledger_sub` (
  `fy_id` int(11) NOT NULL,
  `ledger_sub_id` int(11) NOT NULL,
  KEY `fy_id` (`fy_id`,`ledger_sub_id`)
) ENGINE=InnoDB DEFAULT CHARSET=utf8;

--
-- Dumping data for table `fy_ledger_sub`
--

INSERT INTO `fy_ledger_sub` (`fy_id`, `ledger_sub_id`) VALUES
(1, 1),
(1, 2),
(1, 3),
(1, 4),
(1, 5),
(1, 6),
(1, 7),
(1, 8),
(1, 9),
(1, 10),
(1, 11),
(1, 12),
(1, 13),
(1, 14),
(1, 15),
(1, 16),
(1, 17),
(1, 18),
(1, 19),
(1, 20),
(1, 21),
(1, 22),
(1, 23),
(1, 24),
(1, 25),
(1, 26),
(1, 27),
(1, 28),
(1, 29),
(1, 30),
(1, 31),
(1, 32),
(1, 33),
(1, 34),
(1, 35),
(1, 36),
(1, 37),
(1, 38),
(1, 39),
(1, 40),
(1, 41),
(1, 42),
(1, 43),
(1, 44),
(1, 45),
(1, 46),
(1, 47),
(1, 48),
(1, 49),
(1, 50),
(1, 51),
(1, 52),
(1, 53),
(1, 54),
(1, 55),
(1, 56),
(1, 57),
(1, 58),
(1, 59),
(1, 60),
(1, 61),
(1, 62),
(1, 63),
(1, 64),
(1, 65),
(1, 66),
(1, 67),
(1, 68),
(1, 69),
(1, 70),
(1, 71),
(1, 72),
(1, 73),
(1, 74),
(1, 75),
(1, 76),
(1, 77),
(1, 78),
(1, 79),
(1, 80),
(1, 81),
(1, 82),
(1, 83),
(1, 84),
(1, 85),
(1, 86),
(1, 87),
(1, 88),
(1, 89),
(1, 90),
(1, 91),
(1, 92),
(1, 93),
(1, 94),
(1, 95),
(1, 96),
(1, 97),
(1, 98),
(1, 99),
(1, 100),
(1, 101),
(1, 102),
(1, 103),
(1, 104),
(1, 105),
(1, 106),
(1, 107),
(1, 108),
(1, 109),
(1, 110),
(1, 111),
(1, 112),
(1, 113),
(1, 114),
(1, 115),
(1, 116),
(1, 117),
(1, 118),
(1, 119),
(1, 120),
(1, 121),
(1, 122),
(1, 123),
(1, 124),
(1, 125),
(1, 126),
(1, 127),
(1, 128),
(1, 129),
(1, 130),
(1, 131),
(1, 132),
(1, 133),
(1, 134),
(1, 135),
(1, 136);

-- --------------------------------------------------------

--
-- Table structure for table `fy_master`
--

CREATE TABLE IF NOT EXISTS `fy_master` (
  `fy_id` int(11) NOT NULL AUTO_INCREMENT,
  `fy_name` varchar(125) NOT NULL,
  `fy_start` date NOT NULL,
  `fy_end` date NOT NULL,
  `status` tinyint(1) NOT NULL DEFAULT '0' COMMENT '1for open and 0 for closed',
  PRIMARY KEY (`fy_id`)
) ENGINE=InnoDB  DEFAULT CHARSET=utf8 AUTO_INCREMENT=2 ;

--
-- Dumping data for table `fy_master`
--

INSERT INTO `fy_master` (`fy_id`, `fy_name`, `fy_start`, `fy_end`, `status`) VALUES
(1, '2014-2015', '2014-04-01', '2015-03-31', 1);

-- --------------------------------------------------------

--
-- Table structure for table `ledger_master`
--

CREATE TABLE IF NOT EXISTS `ledger_master` (
  `ledger_id` int(11) NOT NULL AUTO_INCREMENT,
  `ledger_name` varchar(100) NOT NULL,
  PRIMARY KEY (`ledger_id`)
) ENGINE=MyISAM  DEFAULT CHARSET=utf8 AUTO_INCREMENT=95 ;

--
-- Dumping data for table `ledger_master`
--

INSERT INTO `ledger_master` (`ledger_id`, `ledger_name`) VALUES
(1, 'Bank Accounts'),
(2, 'Bank OCC A/C'),
(3, 'Bank OD A/C'),
(4, 'Branch/ Divisions'),
(5, 'Capital Account'),
(6, 'Cash-In-Hand'),
(7, 'Current Assets'),
(8, 'Current Liabilities'),
(9, 'Deposits (Asset)'),
(10, 'Direct Expenses'),
(11, 'Direct Incomes'),
(12, 'Duties & Taxes'),
(13, 'Expenses (Direct)'),
(14, 'Expenses (Indirect)'),
(15, 'Fixed Assets'),
(16, 'Income (Direct)'),
(17, 'Income (Indirect)'),
(18, 'Indirect Incomes'),
(19, 'Indirect Expenses'),
(20, 'Investments'),
(21, 'Loans and Advances (Asset)'),
(22, 'Loans (Liability)'),
(23, 'Misc Expense (Asset)'),
(24, 'Provisions'),
(25, 'Purchase Accounts'),
(26, 'Reserve And Surplus'),
(27, 'Retained Earinies'),
(28, 'Sales Accounts'),
(29, 'Secured Loans'),
(30, 'Stock-In-Hand'),
(31, 'Sundry Creditors'),
(32, 'Sundry Debtors'),
(33, 'Suspense Account'),
(34, 'Un-Secured Loans');

-- --------------------------------------------------------

--
-- Table structure for table `ledger_sub`
--

CREATE TABLE IF NOT EXISTS `ledger_sub` (
  `ledger_sub_id` int(11) NOT NULL AUTO_INCREMENT,
  `ledger_sub_name` text NOT NULL,
  `ledger_id` int(11) NOT NULL DEFAULT '0',
  `parent_sub_ledger_id` int(11) DEFAULT NULL,
  `fy_id` int(11) NOT NULL,
  `status` tinyint(4) NOT NULL DEFAULT '1' COMMENT '1 for active, 2 for inactive',
  `deleted` tinyint(4) NOT NULL DEFAULT '1' COMMENT '2 for deleted,1 not deleted',
  PRIMARY KEY (`ledger_sub_id`)
) ENGINE=InnoDB  DEFAULT CHARSET=utf8 AUTO_INCREMENT=137 ;

--
-- Dumping data for table `ledger_sub`
--

INSERT INTO `ledger_sub` (`ledger_sub_id`, `ledger_sub_name`, `ledger_id`, `parent_sub_ledger_id`, `fy_id`, `status`, `deleted`) VALUES
(1, 'വഴിപാട്‌', 11, -1, 1, 1, 1),
(4, 'Cash', 6, -1, 1, 1, 1),
(5, 'Temple Capital Account', 5, -1, 1, 1, 1),
(6, 'Sale', 28, -1, 1, 1, 1),
(7, 'Purchase', 25, -1, 1, 1, 1),
(8, 'Temple Bank', 1, -1, 1, 1, 1),
(9, 'Input kvat @ 14.5%', 12, -1, 1, 1, 1),
(10, 'Output  kvat @ 14.65%', 12, -1, 1, 1, 1),
(11, 'പുഷ്പാഞ്ജലി', 11, 1, 1, 1, 1),
(12, 'നീരാന്ജനം', 11, 1, 1, 1, 1),
(13, 'ഉദയാസ്തമന പൂജ', 11, 1, 1, 1, 1),
(14, 'ത്രികാല പൂജ', 11, 1, 1, 1, 1),
(15, 'ഗണപതി പൂജ', 11, 1, 1, 1, 1),
(16, 'ശാസ്ത പൂജ', 11, 1, 1, 1, 1),
(17, 'ശിവ പൂജ', 11, 1, 1, 1, 1),
(18, 'ദേവി പൂജ', 11, 1, 1, 1, 1),
(19, 'വിഷ്ണു പൂജ', 11, 1, 1, 1, 1),
(20, 'ഹനുമാന്‍ പൂജ', 11, 1, 1, 1, 1),
(21, 'സുബ്രഹ്മണ്യപൂജ', 11, 1, 1, 1, 1),
(22, 'യക്ഷി പൂജ', 11, 1, 1, 1, 1),
(23, 'രക്ഷസിന് പൂജ', 11, 1, 1, 1, 1),
(24, 'ഉമാമഹേശ്വര പൂജ (ചെറുത്)', 11, 1, 1, 1, 1),
(25, 'നവഗ്രഹ പൂജ(ചെറുത്)', 11, 1, 1, 1, 1),
(26, 'നവഗ്രഹ പൂജ(വലുത്)', 11, 1, 1, 1, 1),
(27, 'ഏകാഗ്രഹ പൂജ', 11, 1, 1, 1, 1),
(28, 'ശനി പൂജ', 11, 1, 1, 1, 1),
(29, 'ആയില്യ പൂജ', 11, 1, 1, 1, 1),
(30, 'പൌര്‍ണ്ണമി പൂജ', 11, 1, 1, 1, 1),
(31, 'നിത്യ പൂജ', 11, 1, 1, 1, 1),
(32, 'ഗുരു പൂജ', 11, 1, 1, 1, 1),
(33, 'എള്ളുതിരി', 11, 1, 1, 1, 1),
(34, 'നെയ്‌ വിളക്ക്', 11, 1, 1, 1, 1),
(35, 'നീരന്ജനം(ഫോഗം)', 11, 1, 1, 1, 1),
(36, 'ഭാഗ്യ സൂക്ത പുഷ്പാഞ്ജലി', 11, 1, 1, 1, 1),
(37, 'മൃത്യഞ്ജയ പുഷ്പാഞ്ജലി', 11, 1, 1, 1, 1),
(38, 'ഗുരു പുഷ്പാഞ്ജലി', 11, 1, 1, 1, 1),
(39, 'സ്വയംവര മന്ത്ര പുഷ്പാഞ്ജലി', 11, 1, 1, 1, 1),
(40, 'ഐക്യമത്യ പുഷ്പാഞ്ജലി', 11, 1, 1, 1, 1),
(41, 'അഗോര മന്ത്ര പുഷ്പാഞ്ജലി', 11, 1, 1, 1, 1),
(42, 'ക്ഷിപ്ര വിനായക മന്ത്രം', 11, 1, 1, 1, 1),
(43, 'സഹസ്ര നാമാര്‍ചന', 11, 1, 1, 1, 1),
(44, '101 കുടം ധാര', 11, 1, 1, 1, 1),
(45, 'ക്ഷിരധാര(വലുത്)', 11, 1, 1, 1, 1),
(46, 'ജല ധാര', 11, 1, 1, 1, 1),
(47, 'ശിവനു ധാര', 11, 1, 1, 1, 1),
(48, 'ശിവനു ധാര(വലുത്)', 11, 1, 1, 1, 1),
(49, 'പിന്‍വിളക്ക്', 11, 1, 1, 1, 1),
(50, 'സുദര്‍ശന ഹോമം', 11, 1, 1, 1, 1),
(51, 'ഗണപതി ഹോമം', 11, 1, 1, 1, 1),
(52, 'നവഗ്രഹ ശാന്തി ഹവനം', 11, 1, 1, 1, 1),
(53, 'മൃത്യഞ്ജയ ഹവനം', 11, 1, 1, 1, 1),
(54, 'കറുകഹോമം', 11, 1, 1, 1, 1),
(55, 'തില ഹവനം', 11, 1, 1, 1, 1),
(56, 'മൃത്യഞ്ജയ പൂജ', 11, 1, 1, 1, 1),
(57, 'ഭഗവതി സേവ', 11, 1, 1, 1, 1),
(58, 'പത്മമിട്ട് ഭഗവത് സേവ', 11, 1, 1, 1, 1),
(59, 'മണ്ഡല പൂജ', 11, 1, 1, 1, 1),
(60, 'നെയ്യഭിഷേകം', 11, 1, 1, 1, 1),
(61, 'നെയ്യഭിഷേകം (ഭോഗം)', 11, 1, 1, 1, 1),
(62, 'രുദ്രാഭിഷേകം', 11, 1, 1, 1, 1),
(63, 'ശംഖാഭിഷേകം', 11, 1, 1, 1, 1),
(64, 'ദ്വാദക്ഷാക്ഷരി മന്ത്രാര്‍ചന', 11, 1, 1, 1, 1),
(65, 'വട മാല', 11, 1, 1, 1, 1),
(66, 'വൈറ്റില മാല', 11, 1, 1, 1, 1),
(67, 'കൂവള മാല', 11, 1, 1, 1, 1),
(68, 'കൂവളര്ചന', 11, 1, 1, 1, 1),
(69, 'മാല', 11, 1, 1, 1, 1),
(70, 'പാല്‍ പായസം', 11, 1, 1, 1, 1),
(71, 'പത്മമിട്ട് കൂട്ടു പായസം', 11, 1, 1, 1, 1),
(72, 'നെയ്‌ പായസം', 11, 1, 1, 1, 1),
(73, 'പിയിഞ്ഞു പായസം', 11, 1, 1, 1, 1),
(74, 'അരവണ പായസം', 11, 1, 1, 1, 1),
(75, 'അതി മധുര പായസം', 11, 1, 1, 1, 1),
(76, 'തില പായസം', 11, 1, 1, 1, 1),
(77, 'ഉണ്ണിയപ്പം', 11, 1, 1, 1, 1),
(78, 'പഞ്ജമൃതം', 11, 1, 1, 1, 1),
(79, 'അവില്‍ നിവേദ്യം', 11, 1, 1, 1, 1),
(80, 'എള്ളു ശര്കര നിവേദ്യം', 11, 1, 1, 1, 1),
(81, 'തൃമധുരം', 11, 1, 1, 1, 1),
(82, 'പാല്‍ പഴ  നിവേദ്യം(ഭോഗം)', 11, 1, 1, 1, 1),
(83, 'മുഴുക്കാപ്പ്', 11, 1, 1, 1, 1),
(84, 'മുഖം ചാര്‍ത്ത്', 11, 1, 1, 1, 1),
(85, 'ദീപാരാധന', 11, 1, 1, 1, 1),
(86, 'ചുറ്റുവിളക്', 11, 1, 1, 1, 1),
(87, 'നിറമല - വലുത്', 11, 1, 1, 1, 1),
(88, 'നിറമാല - ചെറുത്', 11, 1, 1, 1, 1),
(89, 'പിതൃ നമസ്കാരം', 11, 1, 1, 1, 1),
(90, 'ശ്രാദ്ധം', 11, 1, 1, 1, 1),
(91, 'കൂട്ട നമസ്കാരം', 11, 1, 1, 1, 1),
(92, 'ചാര്‍ത്തി ആരാധനാ', 11, 1, 1, 1, 1),
(93, 'തളിച്ചു കുട', 11, 1, 1, 1, 1),
(94, 'വറപൊടി', 11, 1, 1, 1, 1),
(95, 'വാഹനപൂജ', 11, 1, 1, 1, 1),
(96, 'വാഹനപൂജ(ടുവീലര്‍)', 11, 1, 1, 1, 1),
(97, 'ആയുധ പൂജ', 11, 1, 1, 1, 1),
(98, 'വിദ്യാരംഭം', 11, 1, 1, 1, 1),
(99, 'വിവാഹം', 11, 1, 1, 1, 1),
(100, 'താലി ചാര്‍ത്ത്', 11, 1, 1, 1, 1),
(101, 'അന്ന പ്രാശനം', 11, 1, 1, 1, 1),
(102, 'ബാല ഊട്ട്', 11, 1, 1, 1, 1),
(103, 'അടിമ', 11, 1, 1, 1, 1),
(104, 'ശയന പ്രദിക്ഷിണം', 11, 1, 1, 1, 1),
(105, 'വെടി', 11, 1, 1, 1, 1),
(106, 'ഭോഗം', 11, 1, 1, 1, 1),
(107, 'മുന്‍വിളക്ക്', 11, 1, 1, 1, 1),
(108, 'മന്ത്രാര്‍ചന', 11, 1, 1, 1, 1),
(109, 'സഹസ്രമന്ത്രാര്‍ചന', 11, 1, 1, 1, 1),
(110, 'സുദര്‍ശനമന്ത്രാര്‍ചന', 11, 1, 1, 1, 1),
(111, 'ശത്രുസംഹാരപുഷ്പാഞ്ജലി', 11, 1, 1, 1, 1),
(112, 'രക്തപുഷ്പാഞ്ജലി', 11, 1, 1, 1, 1),
(113, 'കൂവള മന്ത്രാര്‍ചന', 11, 1, 1, 1, 1),
(114, 'ഉമാമഹേശ്വര പൂജ (വലുത്)', 11, 1, 1, 1, 1),
(115, 'രാഹു പൂജ', 11, 1, 1, 1, 1),
(116, 'ബുധപൂജ', 11, 1, 1, 1, 1),
(117, 'ശുക്രപൂജ', 11, 1, 1, 1, 1),
(118, 'കേതുപൂജ', 11, 1, 1, 1, 1),
(119, 'ആദിത്യപൂജ', 11, 1, 1, 1, 1),
(120, 'ചന്ദ്ര ഗ്രഹപൂജ', 11, 1, 1, 1, 1),
(121, 'വ്യാഴപൂജ', 11, 1, 1, 1, 1),
(122, 'ചൊവ്വ ഗ്രഹപൂജ', 11, 1, 1, 1, 1),
(123, 'ഗണപതിപൂജ', 11, 1, 1, 1, 1),
(124, 'ദമ്പതിപൂജ', 11, 1, 1, 1, 1),
(125, 'പ്രദോഷപൂജ', 11, 1, 1, 1, 1),
(126, 'ശംഖാഭിശേകം', 11, 1, 1, 1, 1),
(127, 'ലക്ഷിനാരായണ പൂജ', 11, 1, 1, 1, 1),
(128, 'വിദ്യാഗോപാല മന്ത്രാര്‍ചന', 11, 1, 1, 1, 1),
(129, 'വിദ്യാഗോപാലപൂജ', 11, 1, 1, 1, 1),
(130, 'ഋണമോചന പൂജ', 11, 1, 1, 1, 1),
(131, 'ഷോഡഗോപചാരപൂജ', 11, 1, 1, 1, 1),
(132, 'എണ്ണവിളക്ക്', 11, 1, 1, 1, 1),
(133, 'നാരങ്ങ വിളക്ക്', 11, 1, 1, 1, 1),
(134, 'Library membership', 11, -1, 1, 1, 1),
(135, 'swapna', 11, 134, 1, 1, 1),
(136, 'sana', 11, 135, 1, 1, 1);

-- --------------------------------------------------------

--
-- Table structure for table `menu_item`
--

CREATE TABLE IF NOT EXISTS `menu_item` (
  `id` int(11) NOT NULL AUTO_INCREMENT,
  `name` varchar(255) COLLATE utf8_unicode_ci NOT NULL,
  `parent_id` int(11) NOT NULL,
  `page_id` int(11) NOT NULL,
  `status` tinyint(4) NOT NULL COMMENT '1 for active ,2 for inactive',
  `sort_order` int(11) NOT NULL,
  PRIMARY KEY (`id`)
) ENGINE=InnoDB  DEFAULT CHARSET=utf8 COLLATE=utf8_unicode_ci AUTO_INCREMENT=76 ;

--
-- Dumping data for table `menu_item`
--

INSERT INTO `menu_item` (`id`, `name`, `parent_id`, `page_id`, `status`, `sort_order`) VALUES
(1, 'Dash Board', -1, 35, 1, 1),
(2, 'Master', -1, -1, 1, 2),
(3, 'Vazhipadu', -1, -1, 1, 3),
(4, 'Accounting', -1, -1, 1, 4),
(5, 'Administrator', -1, -1, 1, 5),
(6, 'Pooja', 2, 41, 1, 0),
(7, 'Stars', 2, 44, 1, 0),
(8, 'Add Vazhipadu', 3, 46, 1, 0),
(9, 'Cancel Vazhipadu', 3, 33, 1, 0),
(10, 'Vazhipadu Register', 3, 49, 1, 0),
(11, 'Pooja Register', 3, 40, 1, 0),
(12, 'Books', 4, -1, 1, 0),
(13, 'Add Book', 12, 2, 1, 0),
(14, 'Customer', 4, -1, 1, 0),
(15, 'Add Customer', 14, 3, 1, 0),
(16, 'List Customer', 14, 4, 1, 0),
(17, 'Supplier', 4, -1, 1, 0),
(18, 'Add Supplier', 17, 24, 1, 0),
(19, 'List Supplier', 17, 25, 1, 0),
(20, 'Ledger', 4, -1, 1, 0),
(21, 'Add Ledger', 20, 15, 1, 0),
(22, 'List Ledger', 20, 14, 1, 0),
(23, 'Single Ledger', 20, 20, 1, 0),
(24, 'Voucher', 4, -1, 1, 0),
(25, 'Add Voucher', 24, 29, 1, 0),
(26, 'Report', 4, -1, 1, 0),
(27, 'Add Report', 26, 16, 1, 0),
(28, 'List Report', 26, 18, 1, 0),
(29, 'Balancesheet', 26, 32, 1, 0),
(30, 'Form Type', 4, -1, 1, 0),
(31, 'Add Form type', 30, 8, 1, 0),
(32, 'List Form Type', 30, 10, 1, 0),
(33, 'Add Form Variable', 30, 11, 1, 0),
(34, 'Financial Year', 4, -1, 1, 0),
(35, 'Add Financial Year', 34, 6, 1, 0),
(36, 'List Financial Year', 34, 5, 1, 0),
(37, 'Tax', 4, -1, 1, 0),
(38, 'Add Tax', 37, 26, 1, 0),
(39, 'List Tax', 37, 27, 1, 0),
(40, 'Stock', 4, -1, 1, 0),
(41, 'Add Item', 40, 21, 1, 0),
(42, 'List Item', 40, 23, 1, 0),
(43, 'Stock Register', 40, 22, 1, 0),
(44, 'Sale Register', 40, 50, 1, 0),
(45, 'Purchase Register', 40, 51, 1, 0),
(46, 'Settings', 4, 1, 1, 0),
(47, 'Menu', 5, -1, 1, 0),
(48, 'Add Menu', 47, 30, 1, 0),
(49, 'List Menu', 47, 38, 1, 0),
(50, 'Assign Menu', 47, 31, 1, 0),
(51, 'Users', 5, 55, 1, 0),
(52, 'Change Password', 5, 62, 1, 0),
(53, 'Change Password', -1, 34, 1, 6),
(60, 'Daily Collection', 3, 69, 1, 0),
(63, 'test vouher register', 3, 70, 1, 0),
(69, 'Sale', 24, 78, 1, 0),
(70, 'Purchase', 24, 80, 1, 0),
(71, 'Sale2', 24, 82, 1, 0),
(74, 'Day Book', 12, 86, 1, 0),
(75, 'Cash Receipt', 24, 87, 1, 0);

-- --------------------------------------------------------

--
-- Table structure for table `module`
--

CREATE TABLE IF NOT EXISTS `module` (
  `id` int(11) NOT NULL AUTO_INCREMENT,
  `name` varchar(255) COLLATE utf8_unicode_ci NOT NULL,
  PRIMARY KEY (`id`)
) ENGINE=InnoDB  DEFAULT CHARSET=utf8 COLLATE=utf8_unicode_ci AUTO_INCREMENT=2 ;

--
-- Dumping data for table `module`
--

INSERT INTO `module` (`id`, `name`) VALUES
(1, 'Vazhipadu');

-- --------------------------------------------------------

--
-- Table structure for table `pages`
--

CREATE TABLE IF NOT EXISTS `pages` (
  `id` int(11) NOT NULL AUTO_INCREMENT,
  `name` varchar(255) COLLATE utf8_unicode_ci NOT NULL,
  `route` varchar(255) COLLATE utf8_unicode_ci NOT NULL,
  `params` text COLLATE utf8_unicode_ci NOT NULL,
  PRIMARY KEY (`id`)
) ENGINE=InnoDB  DEFAULT CHARSET=utf8 COLLATE=utf8_unicode_ci AUTO_INCREMENT=89 ;

--
-- Dumping data for table `pages`
--

INSERT INTO `pages` (`id`, `name`, `route`, `params`) VALUES
(1, 'ac_account_settings', '', ''),
(2, 'ac_books', '', ''),
(3, 'ac_customer', '', ''),
(4, 'ac_customers', '', ''),
(5, 'ac_financial_years', '', ''),
(6, 'ac_financial_year', '', ''),
(7, 'ac_form_print', '', ''),
(8, 'ac_form_type', '', ''),
(9, 'ac_form_type_variable', '', ''),
(10, 'ac_form_types', '', ''),
(11, 'ac_form_variable', '', ''),
(12, 'ac_generate_voucher', '', ''),
(13, 'ac_generated_vouchers', '', ''),
(14, 'ac_ledger_list', '', ''),
(15, 'ac_ledgers', '', ''),
(16, 'ac_report', '', ''),
(17, 'ac_report_features', '', ''),
(18, 'ac_report_list', '', ''),
(19, 'ac_show_report', '', ''),
(20, 'ac_single_ledger', '', ''),
(21, 'ac_stock', '', ''),
(22, 'ac_stock_register', '', ''),
(23, 'ac_stocks', '', ''),
(24, 'ac_supplier', '', ''),
(25, 'ac_suppliers', '', ''),
(26, 'ac_tax', '', ''),
(27, 'ac_taxs', '', ''),
(28, 'ac_voucher_print', '', ''),
(29, 'ac_vouchers', '', ''),
(30, 'add_menu', '', ''),
(31, 'assign_menu', '', ''),
(32, 'balancesheet', '', ''),
(33, 'cancel_vazhipadu', '', ''),
(34, 'change_password', '', ''),
(35, 'dashboard', '', ''),
(36, 'forgot_password', '', ''),
(37, 'forgot_password_message', '', ''),
(38, 'list_menu', '', ''),
(39, 'pooja', '', ''),
(40, 'pooja_register', '', ''),
(41, 'poojas', '', ''),
(42, 'settings', '', ''),
(43, 'star', '', ''),
(44, 'stars', '', ''),
(45, 'user_check', '', ''),
(46, 'vazhipadu', '', ''),
(47, 'vazhipadu_bookings', '', ''),
(48, 'vazhipadu_print', '', ''),
(49, 'vazhipadu_register', '', ''),
(50, 'ac_stock_register', '', 'type=Sale'),
(51, 'ac_stock_register', '', 'type=Purchase'),
(52, 'update_user_password', 'admin', ''),
(53, 'user', 'admin', ''),
(54, 'user_check', 'admin', ''),
(55, 'users', 'admin', ''),
(62, 'change_password', 'admin', ''),
(69, 'daily_collection', '', ''),
(70, 'ac_generated_vouchers', '', 'slno=8'),
(73, 'ac_generated_vouchers', '', 'slno=11'),
(75, 'ac_generated_vouchers', '', 'slno=12'),
(77, 'ac_generated_vouchers', '', 'slno=13'),
(78, 'ac_generate_voucher', '', 'v=2'),
(79, 'ac_generated_vouchers', '', 'slno=2'),
(80, 'ac_generate_voucher', '', 'v=3'),
(81, 'ac_generated_vouchers', '', 'slno=3'),
(82, 'ac_generate_voucher', '', 'v=4'),
(83, 'ac_generated_vouchers', '', 'slno=4'),
(86, 'ac_generated_vouchers', '', 'bid=1'),
(87, 'ac_generate_voucher', '', 'v=5'),
(88, 'ac_generated_vouchers', '', 'slno=5');

-- --------------------------------------------------------

--
-- Table structure for table `pooja`
--

CREATE TABLE IF NOT EXISTS `pooja` (
  `id` int(11) NOT NULL AUTO_INCREMENT,
  `name` varchar(255) CHARACTER SET utf8 COLLATE utf8_unicode_ci NOT NULL,
  `rate` double NOT NULL,
  `ledger_sub_id` int(11) NOT NULL DEFAULT '-1',
  `status_id` int(11) NOT NULL DEFAULT '1',
  PRIMARY KEY (`id`),
  UNIQUE KEY `name` (`name`),
  UNIQUE KEY `ledger_sub_id` (`ledger_sub_id`),
  KEY `status_id` (`status_id`)
) ENGINE=InnoDB  DEFAULT CHARSET=utf8 AUTO_INCREMENT=124 ;

--
-- Dumping data for table `pooja`
--

INSERT INTO `pooja` (`id`, `name`, `rate`, `ledger_sub_id`, `status_id`) VALUES
(1, 'പുഷ്പാഞ്ജലി', 7, 11, 2),
(2, 'നീരാന്ജനം', 20, 12, 1),
(3, 'ഉദയാസ്തമന പൂജ', 500, 13, 1),
(4, 'ത്രികാല പൂജ', 500, 14, 1),
(5, 'ഗണപതി പൂജ', 50, 15, 1),
(6, 'ശാസ്ത പൂജ', 50, 16, 1),
(7, 'ശിവ പൂജ', 50, 17, 1),
(8, 'ദേവി പൂജ', 50, 18, 1),
(9, 'വിഷ്ണു പൂജ', 50, 19, 1),
(10, 'ഹനുമാന്‍ പൂജ', 50, 20, 1),
(11, 'സുബ്രഹ്മണ്യപൂജ', 50, 21, 1),
(12, 'യക്ഷി പൂജ', 50, 22, 1),
(13, 'രക്ഷസിന് പൂജ', 50, 23, 1),
(14, 'ഉമാമഹേശ്വര പൂജ (ചെറുത്)', 50, 24, 1),
(15, 'നവഗ്രഹ പൂജ(ചെറുത്)', 500, 25, 1),
(16, 'നവഗ്രഹ പൂജ(വലുത്)', 200, 26, 1),
(17, 'ഏകാഗ്രഹ പൂജ', 50, 27, 1),
(18, 'ശനി പൂജ', 50, 28, 1),
(19, 'ആയില്യ പൂജ', 50, 29, 1),
(20, 'പൌര്‍ണ്ണമി പൂജ', 75, 30, 1),
(21, 'നിത്യ പൂജ', 150, 31, 1),
(22, 'ഗുരു പൂജ', 25, 32, 1),
(23, 'എള്ളുതിരി', 5, 33, 1),
(24, 'നെയ്‌ വിളക്ക്', 10, 34, 1),
(25, 'നീരന്ജനം(ഫോഗം)', 10, 35, 1),
(26, 'ഭാഗ്യ സൂക്ത പുഷ്പാഞ്ജലി', 10, 36, 1),
(27, 'മൃത്യഞ്ജയ പുഷ്പാഞ്ജലി', 10, 37, 1),
(28, 'ഗുരു പുഷ്പാഞ്ജലി', 10, 38, 1),
(29, 'സ്വയംവര മന്ത്ര പുഷ്പാഞ്ജലി', 10, 39, 1),
(30, 'ഐക്യമത്യ പുഷ്പാഞ്ജലി', 10, 40, 1),
(31, 'അഗോര മന്ത്ര പുഷ്പാഞ്ജലി', 10, 41, 1),
(32, 'ക്ഷിപ്ര വിനായക മന്ത്രം', 10, 42, 1),
(33, 'സഹസ്ര നാമാര്‍ചന', 25, 43, 1),
(34, '101 കുടം ധാര', 200, 44, 1),
(35, 'ക്ഷിരധാര(വലുത്)', 50, 45, 1),
(36, 'ജല ധാര', 10, 46, 1),
(37, 'ശിവനു ധാര', 10, 47, 1),
(38, 'ശിവനു ധാര(വലുത്)', 50, 48, 1),
(39, 'പിന്‍വിളക്ക്', 10, 49, 1),
(40, 'സുദര്‍ശന ഹോമം', 200, 50, 1),
(41, 'ഗണപതി ഹോമം', 100, 51, 1),
(42, 'നവഗ്രഹ ശാന്തി ഹവനം', 100, 52, 1),
(43, 'മൃത്യഞ്ജയ ഹവനം', 100, 53, 1),
(44, 'കറുകഹോമം', 50, 54, 1),
(45, 'തില ഹവനം', 100, 55, 1),
(46, 'മൃത്യഞ്ജയ പൂജ', 100, 56, 1),
(47, 'ഭഗവതി സേവ', 100, 57, 1),
(48, 'പത്മമിട്ട് ഭഗവത് സേവ', 200, 58, 1),
(49, 'മണ്ഡല പൂജ', 150, 59, 1),
(50, 'നെയ്യഭിഷേകം', 200, 60, 1),
(51, 'നെയ്യഭിഷേകം (ഭോഗം)', 10, 61, 1),
(52, 'രുദ്രാഭിഷേകം', 20, 62, 1),
(53, 'ശംഖാഭിഷേകം', 20, 63, 1),
(54, 'ദ്വാദക്ഷാക്ഷരി മന്ത്രാര്‍ചന', 10, 64, 1),
(55, 'വട മാല', 75, 65, 1),
(56, 'വൈറ്റില മാല', 15, 66, 1),
(57, 'കൂവള മാല', 15, 67, 1),
(58, 'കൂവളര്ചന', 15, 68, 1),
(59, 'മാല', 15, 69, 1),
(60, 'പാല്‍ പായസം', 75, 70, 1),
(61, 'പത്മമിട്ട് കൂട്ടു പായസം', 75, 71, 1),
(62, 'നെയ്‌ പായസം', 75, 72, 1),
(63, 'പിയിഞ്ഞു പായസം', 75, 73, 1),
(64, 'അരവണ പായസം', 75, 74, 1),
(65, 'അതി മധുര പായസം', 75, 75, 1),
(66, 'തില പായസം', 75, 76, 1),
(67, 'ഉണ്ണിയപ്പം', 75, 77, 1),
(68, 'പഞ്ജമൃതം', 75, 78, 1),
(69, 'അവില്‍ നിവേദ്യം', 50, 79, 1),
(70, 'എള്ളു ശര്കര നിവേദ്യം', 25, 80, 1),
(71, 'തൃമധുരം', 20, 81, 1),
(72, 'പാല്‍ പഴ  നിവേദ്യം(ഭോഗം)', 5, 82, 1),
(73, 'മുഴുക്കാപ്പ്', 500, 83, 1),
(74, 'മുഖം ചാര്‍ത്ത്', 150, 84, 1),
(75, 'ദീപാരാധന', 100, 85, 1),
(76, 'ചുറ്റുവിളക്', 1500, 86, 1),
(77, 'നിറമല - വലുത്', 1500, 87, 1),
(78, 'നിറമാല - ചെറുത്', 800, 88, 1),
(79, 'പിതൃ നമസ്കാരം', 20, 89, 1),
(80, 'ശ്രാദ്ധം', 20, 90, 1),
(81, 'കൂട്ട നമസ്കാരം', 20, 91, 1),
(82, 'ചാര്‍ത്തി ആരാധനാ', 100, 92, 1),
(83, 'തളിച്ചു കുട', 25, 93, 1),
(84, 'വറപൊടി', 30, 94, 1),
(85, 'വാഹനപൂജ', 100, 95, 1),
(86, 'വാഹനപൂജ(ടുവീലര്‍)', 50, 96, 1),
(87, 'ആയുധ പൂജ', 20, 97, 1),
(88, 'വിദ്യാരംഭം', 10, 98, 1),
(89, 'വിവാഹം', 100, 99, 1),
(90, 'താലി ചാര്‍ത്ത്', 10, 100, 1),
(91, 'അന്ന പ്രാശനം', 30, 101, 1),
(92, 'ബാല ഊട്ട്', 30, 102, 1),
(93, 'അടിമ', 15, 103, 1),
(94, 'ശയന പ്രദിക്ഷിണം', 50, 104, 1),
(95, 'വെടി', 10, 105, 1),
(96, 'ഭോഗം', 5, 106, 1),
(97, 'മുന്‍വിളക്ക്', 10, 107, 1),
(98, 'മന്ത്രാര്‍ചന', 10, 108, 1),
(99, 'സഹസ്രമന്ത്രാര്‍ചന', 25, 109, 1),
(100, 'സുദര്‍ശനമന്ത്രാര്‍ചന', 25, 110, 1),
(101, 'ശത്രുസംഹാരപുഷ്പാഞ്ജലി', 20, 111, 1),
(102, 'രക്തപുഷ്പാഞ്ജലി', 20, 112, 1),
(103, 'കൂവള മന്ത്രാര്‍ചന', 15, 113, 1),
(104, 'ഉമാമഹേശ്വര പൂജ (വലുത്)', 200, 114, 1),
(105, 'രാഹു പൂജ', 50, 115, 1),
(106, 'ബുധപൂജ', 50, 116, 1),
(107, 'ശുക്രപൂജ', 50, 117, 1),
(108, 'കേതുപൂജ', 50, 118, 1),
(109, 'ആദിത്യപൂജ', 50, 119, 1),
(110, 'ചന്ദ്ര ഗ്രഹപൂജ', 50, 120, 1),
(111, 'വ്യാഴപൂജ', 50, 121, 1),
(112, 'ചൊവ്വ ഗ്രഹപൂജ', 50, 122, 1),
(113, 'ഗണപതിപൂജ', 50, 123, 1),
(114, 'ദമ്പതിപൂജ', 50, 124, 1),
(115, 'പ്രദോഷപൂജ', 50, 125, 1),
(116, 'ശംഖാഭിശേകം', 20, 126, 1),
(117, 'ലക്ഷിനാരായണ പൂജ', 100, 127, 1),
(118, 'വിദ്യാഗോപാല മന്ത്രാര്‍ചന', 10, 128, 1),
(119, 'വിദ്യാഗോപാലപൂജ', 50, 129, 1),
(120, 'ഋണമോചന പൂജ', 50, 130, 1),
(121, 'ഷോഡഗോപചാരപൂജ', 50, 131, 1),
(122, 'എണ്ണവിളക്ക്', 5, 132, 1),
(123, 'നാരങ്ങ വിളക്ക്', 10, 133, 1);

-- --------------------------------------------------------

--
-- Table structure for table `report`
--

CREATE TABLE IF NOT EXISTS `report` (
  `report_id` int(11) NOT NULL AUTO_INCREMENT,
  `report_head` varchar(250) NOT NULL,
  `lhs` tinyint(1) NOT NULL DEFAULT '2',
  `rhs` tinyint(1) NOT NULL DEFAULT '2',
  `lhs_head` varchar(125) NOT NULL,
  `rhs_head` varchar(125) NOT NULL,
  `header` text NOT NULL,
  `footer` text NOT NULL,
  `status` tinyint(4) NOT NULL DEFAULT '1' COMMENT '1 for active,2 for inactive',
  PRIMARY KEY (`report_id`)
) ENGINE=InnoDB  DEFAULT CHARSET=utf8 AUTO_INCREMENT=3 ;

--
-- Dumping data for table `report`
--

INSERT INTO `report` (`report_id`, `report_head`, `lhs`, `rhs`, `lhs_head`, `rhs_head`, `header`, `footer`, `status`) VALUES
(1, 'Income', 1, 2, 'Particulars', '', '', '', 1),
(2, 'test report head', 1, 1, 'Income', 'Expense', '', '', 1);

-- --------------------------------------------------------

--
-- Table structure for table `report_feature`
--

CREATE TABLE IF NOT EXISTS `report_feature` (
  `feature_id` int(11) NOT NULL AUTO_INCREMENT,
  `report_id` int(11) NOT NULL,
  `ledger_master_id` int(11) NOT NULL COMMENT 'master ledger id',
  `sub_ledgers` varchar(125) NOT NULL,
  `position` tinyint(4) NOT NULL DEFAULT '0' COMMENT '1 for LHS ,2 for RHS',
  `sort_order` int(11) NOT NULL,
  `status` tinyint(4) NOT NULL DEFAULT '1' COMMENT '1 for active, 2 for inactive',
  PRIMARY KEY (`feature_id`)
) ENGINE=InnoDB  DEFAULT CHARSET=utf8 AUTO_INCREMENT=27 ;

--
-- Dumping data for table `report_feature`
--

INSERT INTO `report_feature` (`feature_id`, `report_id`, `ledger_master_id`, `sub_ledgers`, `position`, `sort_order`, `status`) VALUES
(1, 1, 11, '5,6,7,8,9,10,11,13,14,15,16,17,18,19,20,21,22,23,24,25,26,27,28,36,37,39,40,41,42,43,44,45,46,69', 1, 1, 1),
(25, 2, 11, '36,37', 1, 1, 1),
(26, 2, 10, '38', 2, 1, 1);

-- --------------------------------------------------------

--
-- Table structure for table `stars`
--

CREATE TABLE IF NOT EXISTS `stars` (
  `id` int(11) NOT NULL AUTO_INCREMENT,
  `name` varchar(255) CHARACTER SET utf8 COLLATE utf8_unicode_ci NOT NULL,
  `status_id` int(10) NOT NULL DEFAULT '1',
  PRIMARY KEY (`id`),
  UNIQUE KEY `name` (`name`),
  KEY `status_id` (`status_id`)
) ENGINE=InnoDB  DEFAULT CHARSET=utf8 AUTO_INCREMENT=10 ;

--
-- Dumping data for table `stars`
--

INSERT INTO `stars` (`id`, `name`, `status_id`) VALUES
(1, 'കാര്‍ത്തിക', 1),
(2, 'അശ്വതി', 1),
(3, 'തിരുവാതിര', 1),
(4, 'പൂരം', 1),
(5, 'അത്തം', 1),
(6, 'ചിത്തിര', 1),
(7, 'ചോതി', 1),
(8, 'പൂരാടം', 1),
(9, 'മകം', 1);

-- --------------------------------------------------------

--
-- Table structure for table `statuses`
--

CREATE TABLE IF NOT EXISTS `statuses` (
  `id` int(11) NOT NULL AUTO_INCREMENT,
  `name` varchar(255) NOT NULL,
  PRIMARY KEY (`id`)
) ENGINE=InnoDB  DEFAULT CHARSET=utf8 AUTO_INCREMENT=3 ;

--
-- Dumping data for table `statuses`
--

INSERT INTO `statuses` (`id`, `name`) VALUES
(1, 'Active'),
(2, 'Inactive');

-- --------------------------------------------------------

--
-- Table structure for table `stock_master`
--

CREATE TABLE IF NOT EXISTS `stock_master` (
  `item_id` int(11) NOT NULL AUTO_INCREMENT,
  `item_name` varchar(250) NOT NULL,
  `uom_id` int(11) NOT NULL,
  `deleted` tinyint(4) NOT NULL DEFAULT '1' COMMENT '2 for deleted,1 not deleted',
  PRIMARY KEY (`item_id`)
) ENGINE=InnoDB  DEFAULT CHARSET=utf8 AUTO_INCREMENT=4 ;

--
-- Dumping data for table `stock_master`
--

INSERT INTO `stock_master` (`item_id`, `item_name`, `uom_id`, `deleted`) VALUES
(1, 'Product1', 1, 1),
(2, 'Product2', 2, 1),
(3, 'Product3', 3, 1);

-- --------------------------------------------------------

--
-- Table structure for table `stock_register`
--

CREATE TABLE IF NOT EXISTS `stock_register` (
  `stk_id` int(11) NOT NULL AUTO_INCREMENT,
  `voucher_number` int(11) NOT NULL,
  `voucher_type_id` int(11) NOT NULL,
  `item_id` int(11) NOT NULL,
  `quantity` int(11) NOT NULL,
  `unit_rate` double(25,2) NOT NULL,
  `input_type` varchar(50) NOT NULL COMMENT 'purchase or donation(+) and auction or delivery(-) opening(+)',
  `purchase_reference_number` varchar(125) NOT NULL,
  `date` date NOT NULL,
  `tax_id` int(11) NOT NULL DEFAULT '-1',
  `fy_id` int(11) NOT NULL DEFAULT '-1',
  PRIMARY KEY (`stk_id`)
) ENGINE=InnoDB  DEFAULT CHARSET=utf8 AUTO_INCREMENT=6 ;

--
-- Dumping data for table `stock_register`
--

INSERT INTO `stock_register` (`stk_id`, `voucher_number`, `voucher_type_id`, `item_id`, `quantity`, `unit_rate`, `input_type`, `purchase_reference_number`, `date`, `tax_id`, `fy_id`) VALUES
(1, 0, -1, 1, 50, 10.00, 'Opening', '', '2014-04-01', -1, 1),
(2, 1, 7, 1, 10, 10.00, 'Purchase', '', '2014-05-02', 1, 1),
(3, 1, 7, 2, 200, 25.00, 'Purchase', '', '2014-05-02', 1, 1),
(4, 1, 2, 1, -1, 100.00, 'Sale', '', '2014-05-28', 0, 1),
(5, 2, 2, 1, -1, 10.00, 'Sale', '', '2014-05-28', 0, 1);

-- --------------------------------------------------------

--
-- Table structure for table `supplier`
--

CREATE TABLE IF NOT EXISTS `supplier` (
  `supplier_id` int(11) NOT NULL AUTO_INCREMENT,
  `supplier_name` varchar(255) NOT NULL,
  `supplier_address` text NOT NULL,
  `supplier_phone` varchar(15) NOT NULL,
  `contact_person` varchar(125) NOT NULL,
  `contact_mobile` varchar(15) NOT NULL,
  `contact_email` varchar(255) NOT NULL,
  `supplier_fax` varchar(15) NOT NULL,
  `supplier_cst_number` varchar(50) NOT NULL,
  `supplier_tin_number` varchar(50) NOT NULL,
  `deleted` tinyint(4) NOT NULL DEFAULT '1' COMMENT '2 for deleted,1 not deleted',
  `ledger_sub_id` int(11) NOT NULL DEFAULT '-1',
  PRIMARY KEY (`supplier_id`)
) ENGINE=InnoDB DEFAULT CHARSET=utf8 AUTO_INCREMENT=1 ;

-- --------------------------------------------------------

--
-- Table structure for table `tax_master`
--

CREATE TABLE IF NOT EXISTS `tax_master` (
  `id` int(11) NOT NULL AUTO_INCREMENT,
  `name` varchar(125) NOT NULL,
  `rate` double NOT NULL,
  `status` tinyint(1) NOT NULL DEFAULT '2',
  `deleted` tinyint(4) NOT NULL DEFAULT '1' COMMENT '2 for deleted,1 not deleted',
  `ledger_sub_id` int(11) NOT NULL,
  `type` tinyint(4) NOT NULL DEFAULT '-1' COMMENT '1 for sale ,2 for purchase',
  PRIMARY KEY (`id`)
) ENGINE=InnoDB  DEFAULT CHARSET=utf8 AUTO_INCREMENT=3 ;

--
-- Dumping data for table `tax_master`
--

INSERT INTO `tax_master` (`id`, `name`, `rate`, `status`, `deleted`, `ledger_sub_id`, `type`) VALUES
(1, 'Input kvat @ 14.5%', 0.145, 1, 1, 9, -1),
(2, 'Output  kvat @ 14.65%', 0.1465, 1, 1, 10, -1);

-- --------------------------------------------------------

--
-- Table structure for table `test`
--

CREATE TABLE IF NOT EXISTS `test` (
  `id` int(11) NOT NULL AUTO_INCREMENT,
  `name` varchar(255) COLLATE utf8_unicode_ci NOT NULL,
  `parent_id` int(11) NOT NULL,
  PRIMARY KEY (`id`)
) ENGINE=InnoDB  DEFAULT CHARSET=utf8 COLLATE=utf8_unicode_ci AUTO_INCREMENT=11 ;

--
-- Dumping data for table `test`
--

INSERT INTO `test` (`id`, `name`, `parent_id`) VALUES
(1, 'xavier', 0),
(2, 'beena', 1),
(3, 'swapna', 2),
(4, 'sana', 3),
(5, 'sony', 2),
(6, 'nigel', 5),
(7, 'benny', 1),
(8, 'babu', 1),
(9, 'alan', 7),
(10, 'samin', 8);

-- --------------------------------------------------------

--
-- Table structure for table `uom_master`
--

CREATE TABLE IF NOT EXISTS `uom_master` (
  `uom_id` int(11) NOT NULL AUTO_INCREMENT,
  `uom_value` varchar(125) NOT NULL,
  PRIMARY KEY (`uom_id`)
) ENGINE=InnoDB  DEFAULT CHARSET=utf8 AUTO_INCREMENT=5 ;

--
-- Dumping data for table `uom_master`
--

INSERT INTO `uom_master` (`uom_id`, `uom_value`) VALUES
(1, 'Kilo Gram'),
(2, 'Gram'),
(3, 'Litre'),
(4, 'Piece');

-- --------------------------------------------------------

--
-- Table structure for table `users`
--

CREATE TABLE IF NOT EXISTS `users` (
  `id` int(11) NOT NULL AUTO_INCREMENT,
  `username` varchar(255) COLLATE utf8_unicode_ci DEFAULT NULL,
  `password` varchar(255) COLLATE utf8_unicode_ci DEFAULT NULL,
  `first_name` varchar(255) COLLATE utf8_unicode_ci DEFAULT NULL,
  `last_name` varchar(255) COLLATE utf8_unicode_ci DEFAULT NULL,
  `email` varchar(255) COLLATE utf8_unicode_ci DEFAULT NULL,
  `phone` varchar(45) COLLATE utf8_unicode_ci DEFAULT NULL,
  `address` text COLLATE utf8_unicode_ci,
  `occupation` varchar(255) COLLATE utf8_unicode_ci DEFAULT NULL,
  `user_status_id` int(11) DEFAULT NULL,
  `organization_id` int(11) DEFAULT NULL,
  `registration_date` datetime DEFAULT NULL,
  `activation_token` varchar(255) COLLATE utf8_unicode_ci DEFAULT NULL,
  `password_token` varchar(255) COLLATE utf8_unicode_ci DEFAULT NULL,
  `user_type_id` int(11) NOT NULL,
  PRIMARY KEY (`id`),
  KEY `user_status_id` (`user_status_id`),
  KEY `organization_id` (`organization_id`),
  KEY `user_type_id` (`user_type_id`)
) ENGINE=InnoDB  DEFAULT CHARSET=utf8 COLLATE=utf8_unicode_ci AUTO_INCREMENT=6 ;

--
-- Dumping data for table `users`
--

INSERT INTO `users` (`id`, `username`, `password`, `first_name`, `last_name`, `email`, `phone`, `address`, `occupation`, `user_status_id`, `organization_id`, `registration_date`, `activation_token`, `password_token`, `user_type_id`) VALUES
(1, 'admin', '21232f297a57a5a743894a0e4a801fc3', 'administrator', NULL, 'rosy.swapna@acube.co', NULL, NULL, NULL, 1, NULL, NULL, NULL, NULL, 3),
(4, 'counter01', 'e10adc3949ba59abbe56e057f20f883e', 'sdf', 'df', '', '', '', '', 1, 0, '2014-04-30 17:14:17', '', NULL, 1),
(5, 'counter02', 'e10adc3949ba59abbe56e057f20f883e', 'counter', '02', '', '', '', '', 1, 0, '2014-05-26 09:52:14', '', NULL, 1);

-- --------------------------------------------------------

--
-- Table structure for table `user_page`
--

CREATE TABLE IF NOT EXISTS `user_page` (
  `user_id` int(11) NOT NULL,
  `page_id` int(11) NOT NULL
) ENGINE=InnoDB DEFAULT CHARSET=utf8 COLLATE=utf8_unicode_ci;

--
-- Dumping data for table `user_page`
--

INSERT INTO `user_page` (`user_id`, `page_id`) VALUES
(4, 34),
(4, 35),
(4, 40),
(4, 46),
(4, 47),
(4, 48),
(4, 49),
(4, 64),
(4, 65),
(4, 66),
(4, 67),
(4, 68),
(4, 69),
(4, 70),
(4, 75),
(5, 35),
(5, 46),
(5, 47),
(5, 48),
(5, 40),
(5, 49),
(5, 34),
(5, 72),
(5, 73),
(5, 74),
(5, 75),
(5, 63),
(5, 64),
(5, 65),
(5, 66),
(5, 67),
(5, 68),
(5, 1),
(5, 1),
(5, 1),
(5, 73),
(5, 74);

-- --------------------------------------------------------

--
-- Table structure for table `user_statuses`
--

CREATE TABLE IF NOT EXISTS `user_statuses` (
  `id` int(11) NOT NULL AUTO_INCREMENT,
  `name` varchar(255) COLLATE utf8_unicode_ci DEFAULT NULL,
  `description` text COLLATE utf8_unicode_ci,
  PRIMARY KEY (`id`)
) ENGINE=InnoDB  DEFAULT CHARSET=utf8 COLLATE=utf8_unicode_ci AUTO_INCREMENT=5 ;

--
-- Dumping data for table `user_statuses`
--

INSERT INTO `user_statuses` (`id`, `name`, `description`) VALUES
(1, 'Active', 'Active'),
(2, 'Waiting Email Activation', 'Email activation required'),
(3, 'Suspended', 'Suspended'),
(4, 'Disabled', 'Disabled');

-- --------------------------------------------------------

--
-- Table structure for table `user_types`
--

CREATE TABLE IF NOT EXISTS `user_types` (
  `id` int(11) NOT NULL AUTO_INCREMENT,
  `name` varchar(250) NOT NULL,
  PRIMARY KEY (`id`)
) ENGINE=InnoDB  DEFAULT CHARSET=utf8 AUTO_INCREMENT=4 ;

--
-- Dumping data for table `user_types`
--

INSERT INTO `user_types` (`id`, `name`) VALUES
(1, 'COUNTER'),
(2, 'FINANCE'),
(3, 'ADMINISTRATOR');

-- --------------------------------------------------------

--
-- Table structure for table `user_type_page`
--

CREATE TABLE IF NOT EXISTS `user_type_page` (
  `user_type_id` int(11) NOT NULL,
  `page_id` int(11) NOT NULL
) ENGINE=InnoDB DEFAULT CHARSET=utf8 COLLATE=utf8_unicode_ci;

--
-- Dumping data for table `user_type_page`
--

INSERT INTO `user_type_page` (`user_type_id`, `page_id`) VALUES
(3, 1),
(3, 2),
(3, 3),
(3, 4),
(3, 5),
(3, 6),
(3, 7),
(3, 8),
(3, 9),
(3, 10),
(3, 11),
(3, 12),
(3, 13),
(3, 14),
(3, 15),
(3, 16),
(3, 17),
(3, 18),
(3, 19),
(3, 20),
(3, 21),
(3, 22),
(3, 23),
(3, 24),
(3, 25),
(3, 26),
(3, 27),
(3, 28),
(3, 29),
(3, 30),
(3, 31),
(3, 32),
(3, 33),
(3, 62),
(3, 36),
(3, 37),
(3, 38),
(3, 39),
(3, 40),
(3, 41),
(3, 42),
(3, 43),
(3, 44),
(3, 45),
(3, 46),
(3, 47),
(3, 48),
(3, 49),
(3, 50),
(3, 51),
(3, 52),
(3, 53),
(3, 54),
(3, 55),
(3, 56),
(3, 57),
(3, 58),
(3, 59),
(3, 60),
(3, 61),
(1, 35),
(2, 35),
(1, 46),
(1, 47),
(1, 48),
(1, 40),
(1, 49),
(2, 1),
(2, 2),
(2, 3),
(2, 4),
(2, 5),
(2, 6),
(2, 7),
(2, 8),
(2, 9),
(2, 10),
(2, 11),
(2, 12),
(2, 13),
(2, 14),
(2, 15),
(2, 16),
(2, 17),
(2, 18),
(2, 19),
(2, 20),
(2, 21),
(2, 22),
(2, 23),
(2, 24),
(2, 25),
(2, 26),
(2, 27),
(2, 28),
(2, 29),
(2, 32),
(2, 34),
(1, 34),
(3, 72),
(1, 72),
(2, 72),
(3, 73),
(1, 73),
(2, 73),
(3, 74),
(1, 74),
(2, 74),
(3, 75),
(1, 75),
(2, 75),
(3, 63),
(1, 63),
(2, 63),
(3, 64),
(1, 64),
(2, 64),
(3, 65),
(1, 65),
(2, 65),
(3, 66),
(1, 66),
(2, 66),
(3, 67),
(1, 67),
(2, 67),
(3, 68),
(1, 68),
(2, 68),
(3, 35),
(3, 69),
(3, 1),
(1, 1),
(2, 1),
(3, 1),
(1, 1),
(2, 1),
(3, 1),
(1, 1),
(2, 1),
(3, 73),
(1, 73),
(2, 73),
(3, 74),
(1, 74),
(2, 74),
(3, 76),
(1, 76),
(2, 76),
(3, 78),
(1, 78),
(2, 78),
(3, 80),
(1, 80),
(2, 80),
(3, 82),
(1, 82),
(2, 82),
(3, 84),
(2, 84),
(3, 85),
(2, 85),
(3, 86),
(2, 86),
(3, 87),
(1, 87),
(2, 87);

-- --------------------------------------------------------

--
-- Table structure for table `vazhipadu`
--

CREATE TABLE IF NOT EXISTS `vazhipadu` (
  `vazhipadu_id` int(11) NOT NULL AUTO_INCREMENT,
  `vazhipadu_rpt_number` int(11) NOT NULL COMMENT 'voucher number from account_master',
  `vazhipadu_date` date NOT NULL,
  `star_id` int(11) NOT NULL,
  `pooja_id` int(11) NOT NULL,
  `name` varchar(125) NOT NULL,
  `age` int(11) NOT NULL,
  `quantity` int(11) NOT NULL,
  `amount` double(25,2) NOT NULL,
  `deleted` tinyint(4) NOT NULL DEFAULT '1' COMMENT '2 for deleted,1 not deleted',
  `user_id` int(11) NOT NULL DEFAULT '-1',
  PRIMARY KEY (`vazhipadu_id`)
) ENGINE=InnoDB  DEFAULT CHARSET=utf8 AUTO_INCREMENT=116 ;

--
-- Dumping data for table `vazhipadu`
--

INSERT INTO `vazhipadu` (`vazhipadu_id`, `vazhipadu_rpt_number`, `vazhipadu_date`, `star_id`, `pooja_id`, `name`, `age`, `quantity`, `amount`, `deleted`, `user_id`) VALUES
(1, 1, '2014-06-06', -1, 2, '', 0, 100, 20.00, 1, 1),
(2, 2, '2014-06-12', 3, 4, 'sdf', 0, 1, 500.00, 1, 1),
(3, 3, '2014-06-19', 3, 11, 'Master', 0, 1, 50.00, 1, 1),
(4, 4, '2014-06-10', 5, 11, 'dsf', 0, 1, 50.00, 1, 1),
(5, 5, '2014-06-10', 3, 17, 'sdf', 0, 1, 50.00, 1, 1),
(6, 6, '2014-06-10', 5, 2, 'sdf', 0, 1, 20.00, 1, 1),
(7, 7, '2014-06-10', 8, 2, 'sdf', 0, 1, 20.00, 1, 1),
(8, 7, '2014-06-10', 5, 2, 'sdf', 0, 1, 20.00, 1, 1),
(9, 8, '2014-06-11', 5, 2, 'df', 0, 1, 20.00, 1, 1),
(10, 9, '2014-06-11', 5, 3, 'df', 0, 1, 500.00, 1, 1),
(11, 10, '2014-06-10', 4, 2, 'sdf', 0, 1, 20.00, 1, 1),
(12, 11, '2014-06-12', 4, 3, 'sdf', 0, 1, 500.00, 1, 1),
(13, 11, '2014-06-12', 5, 3, 'df', 0, 1, 500.00, 1, 1),
(14, 12, '2014-06-18', -1, 8, '', 0, 10, 50.00, 1, 1),
(15, 13, '2014-06-10', -1, 10, '', 0, 1, 50.00, 1, 1),
(16, 14, '2014-06-10', 1, 7, 'bhjh', 0, 1, 50.00, 1, 1),
(17, 15, '2014-06-18', 7, 12, 'sdfsd', 0, 1, 50.00, 1, 1),
(18, 16, '2014-06-12', 8, 10, 'sdf', 0, 1, 50.00, 1, 1),
(19, 17, '2014-06-10', 4, 47, 'sdfd', 0, 1, 100.00, 1, 1),
(20, 17, '2014-06-10', 3, 47, 'sdfd', 0, 1, 100.00, 1, 1),
(21, 18, '2014-06-10', 7, 19, 'sdf', 0, 1, 50.00, 1, 1),
(22, 19, '2014-06-10', -1, 45, 'sdf', 0, 1, 100.00, 1, 1),
(23, 20, '2014-06-10', -1, 36, '', 0, 12, 10.00, 1, 1),
(24, 21, '2014-06-10', -1, 12, '', 0, 3, 50.00, 1, 1),
(25, 22, '2014-06-10', -1, 6, '', 0, 2, 50.00, 1, 1),
(26, 23, '2014-06-10', -1, 7, '', 0, 22, 50.00, 1, 1),
(27, 24, '2014-06-10', -1, 45, '', 0, 1, 100.00, 1, 1),
(28, 25, '2014-06-10', -1, 72, '', 0, 11, 5.00, 1, 1),
(29, 26, '2014-06-10', -1, 55, '', 0, 4, 75.00, 1, 1),
(30, 27, '2014-06-10', -1, 19, '', 0, 6, 50.00, 1, 1),
(31, 28, '2014-06-10', 5, 9, 'sdf', 0, 1, 50.00, 1, 1),
(32, 29, '2014-06-10', 6, 9, 'dsf', 0, 1, 50.00, 1, 1),
(33, 30, '2014-06-10', 8, 46, 'sdf', 0, 1, 100.00, 1, 1),
(34, 31, '2014-06-10', 6, 80, 'sdf', 0, 1, 20.00, 1, 1),
(35, 32, '2014-06-10', 6, 54, 'sdfsdf', 0, 1, 10.00, 1, 1),
(36, 33, '2014-06-10', 7, 42, 'sdf', 0, 1, 100.00, 1, 1),
(37, 34, '2014-06-10', 8, 43, 'sdf', 0, 1, 100.00, 1, 1),
(38, 35, '2014-06-10', 3, 61, 'sdfsd', 0, 1, 75.00, 1, 1),
(39, 36, '2014-06-10', 7, 46, 'sdfsad', 0, 1, 100.00, 1, 1),
(40, 36, '2014-06-10', 8, 46, 'sdafd', 0, 1, 100.00, 1, 1),
(41, 37, '2014-06-10', 8, 38, 'sdf', 0, 1, 50.00, 1, 1),
(42, 38, '2014-06-10', 5, 50, 'sadf', 0, 1, 200.00, 1, 1),
(43, 39, '2014-06-10', 8, 123, 'sdf', 0, 1, 10.00, 1, 1),
(44, 40, '2014-06-10', 9, 122, 'sdf', 0, 1, 5.00, 1, 1),
(45, 41, '2014-06-10', 5, 2, 'sdf', 0, 1, 20.00, 1, 1),
(46, 42, '2014-06-10', -1, 121, '', 0, 12, 50.00, 1, 1),
(47, 43, '2014-06-10', -1, 120, '', 0, 2, 50.00, 1, 1),
(48, 44, '2014-06-10', -1, 120, '', 0, 3, 50.00, 1, 1),
(49, 45, '2014-06-10', -1, 119, '', 0, 5, 50.00, 1, 1),
(50, 46, '2014-06-10', -1, 117, '', 0, 6, 100.00, 1, 1),
(51, 47, '2014-06-10', -1, 118, '', 0, 7, 10.00, 1, 1),
(52, 48, '2014-06-10', 7, 117, 'dfg', 0, 1, 100.00, 1, 1),
(53, 49, '2014-06-10', 7, 116, 'ert', 0, 1, 20.00, 1, 1),
(54, 49, '2014-06-10', 3, 116, 'ert', 0, 1, 20.00, 1, 1),
(55, 49, '2014-06-10', 5, 116, 'ert', 0, 1, 20.00, 1, 1),
(56, 49, '2014-06-10', 5, 116, 'etert', 0, 1, 20.00, 1, 1),
(57, 50, '2014-06-10', 7, 116, 'sdf', 0, 1, 20.00, 1, 1),
(58, 50, '2014-06-10', 8, 116, 'sdf', 0, 1, 20.00, 1, 1),
(59, 50, '2014-06-10', 1, 116, 'sadf', 0, 1, 20.00, 1, 1),
(60, 50, '2014-06-10', 2, 116, 'sdf', 0, 1, 20.00, 1, 1),
(61, 51, '2014-06-10', 5, 115, 'sadf', 0, 1, 50.00, 1, 1),
(62, 52, '2014-06-10', -1, 114, '', 0, 4, 50.00, 1, 1),
(63, 53, '2014-06-10', -1, 113, '', 0, 3, 50.00, 1, 1),
(64, 54, '2014-06-10', 9, 113, 'sdf', 0, 1, 50.00, 1, 1),
(65, 55, '2014-06-10', 8, 112, 'sf', 0, 1, 50.00, 1, 1),
(66, 56, '2014-06-10', 7, 111, 'sdf', 0, 1, 50.00, 1, 1),
(67, 57, '2014-06-10', 3, 110, 'sdf', 0, 1, 50.00, 1, 1),
(68, 58, '2014-06-10', 6, 109, 'sdfa', 0, 1, 50.00, 1, 1),
(69, 58, '2014-06-10', 5, 109, 'sdf', 0, 1, 50.00, 1, 1),
(70, 59, '2014-06-10', 8, 109, 'sdf', 0, 1, 50.00, 1, 1),
(71, 59, '2014-06-10', 1, 109, 'sadf', 0, 1, 50.00, 1, 1),
(72, 60, '2014-06-10', 5, 108, 'sdf', 0, 1, 50.00, 1, 1),
(73, 61, '2014-06-10', 7, 107, 'sdf', 0, 1, 50.00, 1, 1),
(74, 62, '2014-06-10', 3, 106, 'sdf', 0, 1, 50.00, 1, 1),
(75, 63, '2014-06-10', 5, 105, 'sdf', 0, 1, 50.00, 1, 1),
(76, 64, '2014-06-10', 6, 104, 'sdfasd', 0, 1, 200.00, 1, 1),
(77, 65, '2014-06-10', 6, 103, 'sfasd', 0, 1, 15.00, 1, 1),
(78, 66, '2014-06-10', 4, 100, 'sadf', 0, 1, 25.00, 1, 1),
(79, 67, '2014-06-10', 7, 98, 'sdf', 0, 1, 10.00, 1, 1),
(80, 68, '2014-06-10', 7, 43, 'sdf', 0, 1, 100.00, 1, 1),
(81, 69, '2014-06-10', -1, 61, '', 0, 3, 75.00, 1, 1),
(82, 70, '2014-06-10', -1, 21, '', 0, 1, 150.00, 1, 1),
(83, 71, '2014-06-10', -1, 35, '', 0, 1, 50.00, 1, 1),
(84, 72, '2014-06-10', -1, 81, '', 0, 1, 20.00, 1, 1),
(85, 73, '2014-06-10', -1, 28, '', 0, 1, 10.00, 1, 1),
(86, 74, '2014-06-10', -1, 4, '', 0, 1, 500.00, 1, 1),
(87, 75, '2014-06-10', -1, 4, '', 0, 1, 500.00, 1, 1),
(88, 76, '2014-06-10', -1, 11, '', 0, 1, 50.00, 1, 1),
(89, 77, '2014-06-10', -1, 14, '', 0, 1, 50.00, 1, 1),
(90, 78, '2014-06-10', -1, 44, '', 0, 1, 50.00, 1, 1),
(91, 79, '2014-06-10', -1, 67, '', 0, 1, 75.00, 1, 1),
(92, 80, '2014-06-10', -1, 87, '', 0, 1, 20.00, 1, 1),
(93, 81, '2014-06-10', -1, 114, '', 0, 1, 50.00, 1, 1),
(94, 82, '2014-06-10', -1, 97, '', 0, 1, 10.00, 1, 1),
(95, 83, '2014-06-10', -1, 78, '', 0, 1, 800.00, 1, 1),
(96, 84, '2014-06-10', -1, 60, '', 0, 1, 75.00, 1, 1),
(97, 85, '2014-06-10', -1, 55, '', 0, 1, 75.00, 1, 1),
(98, 86, '2014-06-10', -1, 54, '', 0, 1, 10.00, 1, 1),
(99, 87, '2014-06-10', -1, 47, '', 0, 1, 100.00, 1, 1),
(100, 88, '2014-06-10', -1, 48, '', 0, 1, 200.00, 1, 1),
(101, 89, '2014-06-10', -1, 51, '', 0, 1, 10.00, 1, 1),
(102, 90, '2014-06-10', -1, 50, '', 0, 1, 200.00, 1, 1),
(103, 91, '2014-06-10', -1, 49, '', 0, 1, 150.00, 1, 1),
(104, 92, '2014-06-10', -1, 49, '', 0, 1, 150.00, 1, 1),
(105, 93, '2014-06-10', -1, 34, '', 0, 1, 200.00, 1, 1),
(106, 94, '2014-06-10', -1, 17, '', 0, 1, 50.00, 1, 1),
(107, 95, '2014-06-10', -1, 17, '', 0, 1, 50.00, 1, 1),
(108, 96, '2014-06-10', -1, 26, '', 0, 1, 10.00, 1, 1),
(109, 97, '2014-06-10', -1, 30, '', 0, 1, 10.00, 1, 1),
(110, 98, '2014-06-10', -1, 35, '', 0, 1, 50.00, 1, 1),
(111, 99, '2014-06-10', -1, 38, '', 0, 1, 50.00, 1, 1),
(112, 100, '2014-06-10', -1, 39, '', 0, 1, 10.00, 1, 1),
(113, 101, '2014-06-10', 4, 57, 'asd', 0, 1, 15.00, 1, 1),
(114, 102, '2014-06-10', 4, 80, 'asd', 0, 1, 20.00, 1, 1),
(115, 103, '2014-06-10', 4, 119, 'asd', 0, 1, 50.00, 1, 1);

-- --------------------------------------------------------

--
-- Table structure for table `voucher`
--

CREATE TABLE IF NOT EXISTS `voucher` (
  `voucher_id` int(11) NOT NULL AUTO_INCREMENT,
  `voucher_name` varchar(250) NOT NULL,
  `voucher_description` text NOT NULL,
  `fy_id` int(11) NOT NULL,
  `voucher_master_id` int(11) NOT NULL,
  `header` text,
  `footer` text,
  `number_series` varchar(20) NOT NULL,
  `series_prefix` varchar(10) NOT NULL,
  `series_sufix` varchar(10) NOT NULL,
  `series_start` int(11) NOT NULL,
  `print_size` int(11) NOT NULL,
  `series_seperator` varchar(5) NOT NULL,
  `default_from` varchar(50) NOT NULL,
  `default_to` varchar(50) NOT NULL,
  `form_type_id` int(11) NOT NULL,
  `source` tinyint(4) NOT NULL COMMENT '1-voucher for ac and 2-voucher for inventory',
  `hidden` tinyint(4) NOT NULL DEFAULT '1' COMMENT '1 show,2hidden',
  `module_id` int(11) DEFAULT '-1',
  PRIMARY KEY (`voucher_id`),
  UNIQUE KEY `fy_id` (`fy_id`,`module_id`)
) ENGINE=InnoDB  DEFAULT CHARSET=utf8 AUTO_INCREMENT=6 ;

--
-- Dumping data for table `voucher`
--

INSERT INTO `voucher` (`voucher_id`, `voucher_name`, `voucher_description`, `fy_id`, `voucher_master_id`, `header`, `footer`, `number_series`, `series_prefix`, `series_sufix`, `series_start`, `print_size`, `series_seperator`, `default_from`, `default_to`, `form_type_id`, `source`, `hidden`, `module_id`) VALUES
(1, 'Vazhipadu', '', 1, 2, '', '', '001', 'V', '2014', 1, 3, '-', '1', '4', -1, -1, 2, 1),
(2, 'Sale', '', 1, 13, '', '', '', '', '', 1, 3, '', 'a:1:{i:0;s:1:"6";}', '', -1, 2, 1, NULL),
(3, 'Purchase', '', 1, 14, '', '', 'INV-001-2014', 'INV', '2014', 1, 3, '-', '', 'a:1:{i:0;s:1:"7";}', -1, 2, 1, NULL),
(4, 'Sale2', '', 1, 13, '', '', 'INV-001-2014', 'INV', '2014', 1, 3, '-', 'a:1:{i:0;s:1:"6";}', '', -1, 2, 1, NULL),
(5, 'Cash Receipt', '', 1, 2, '', '', '001', '', '', 1, 3, '', '', 'a:1:{i:0;s:1:"4";}', -1, 1, 1, NULL);

-- --------------------------------------------------------

--
-- Table structure for table `voucher_master`
--

CREATE TABLE IF NOT EXISTS `voucher_master` (
  `voucher_master_id` int(11) NOT NULL AUTO_INCREMENT,
  `voucher_master_name` varchar(250) NOT NULL,
  `status` tinyint(1) NOT NULL DEFAULT '2' COMMENT '1 for active ,2 for inactive',
  PRIMARY KEY (`voucher_master_id`)
) ENGINE=MyISAM  DEFAULT CHARSET=utf8 AUTO_INCREMENT=25 ;

--
-- Dumping data for table `voucher_master`
--

INSERT INTO `voucher_master` (`voucher_master_id`, `voucher_master_name`, `status`) VALUES
(1, 'Cash Payment', 1),
(2, 'Cash Receipt', 1),
(3, 'Cash Receipt Note', 2),
(4, 'Bank Receipt', 1),
(5, 'Bank Payment', 1),
(6, 'Sales Return', 2),
(7, 'Purchase Return', 2),
(8, 'Stock IN', 2),
(9, 'Delivery Note', 1),
(10, 'Receipt Note', 1),
(11, 'Journel', 2),
(12, 'Stock Out', 2),
(13, 'Sales', 1),
(14, 'Purchase', 1);

/*!40101 SET CHARACTER_SET_CLIENT=@OLD_CHARACTER_SET_CLIENT */;
/*!40101 SET CHARACTER_SET_RESULTS=@OLD_CHARACTER_SET_RESULTS */;
/*!40101 SET COLLATION_CONNECTION=@OLD_COLLATION_CONNECTION */;
